course_name,related_url,application_link,detail
Compliance Training for Responsible Officers of Brokers 持牌保險經紀公司負責人合規培訓,N/A,N/A,"Provider: AIA International Limited (Incorporated in Bermuda with limited liability), Hours: 1"
Business Ethics in the Finance Sector (eCPD) 商業道德操守(金融業) (eCPD) *,N/A,N/A,"Provider: Vocational Training Council Institute of Professional Education And Knowledge, Hours: 11"
Compliance Training Courses for Insurance Agents (eCPD) 合規培訓課程(保險代理人) (eCPD) *,N/A,N/A,"Provider: Vocational Training Council Institute of Professional Education And Knowledge, Hours: 31  [Remark: The CPD Provider changed the CPD hours of this activity:  - 25 CPD hours during the period from 08 Feb 2025 - 11 Jun 2025; - 28 CPD hours during the period from 12 Jun 2025 - 12 Jun 2025; - 31 CPD hours during the period from 13 Jun 2025 - 07 Feb 2026]"
Stress Management (Financial Professionals) – Decoding Stress at Work Place (eCPD) 壓力管理新思維(金融專業人士)-職場壓力解碼 (eCPD),N/A,N/A,"Provider: Vocational Training Council Institute of Professional Education And Knowledge, Hours: 3"
Greater Bay Area Series (eCPD) 粵港澳大灣區系列 (eCPD) *,N/A,N/A,"Provider: Vocational Training Council Institute of Professional Education And Knowledge, Hours: 17  [Remark: The CPD Provider changed the CPD hours of this activity:  - 11 CPD hours during the period from 20 Dec 2024 - 26 Mar 2025; - 14 CPD hours during the period from 27 Mar 2025 - 06 Apr 2025;  -17 CPD hours during the period from 07 Apr 2025 - 19 Dec 2025]"
The New Solution of Sales Management (Insurance and Investment Professionals) - How to do Heart Selling with High Impact (eCPD) 銷售管理新方向 (保險及投資專業人士) – 打動人心的高效銷售方式 (eCPD),N/A,N/A,"Provider: Vocational Training Council Institute of Professional Education And Knowledge, Hours: 3"
Business Skills Series (eCPD) 商業技巧系列 (eCPD) *,N/A,N/A,"Provider: Vocational Training Council Institute of Professional Education And Knowledge, Hours: 10  [Remark: The CPD Provider changed the CPD hours of this activity:  - 9 CPD hours during the period from 30 Dec 2024 - 21 Jan 2025; - 10 CPD hours during the period from 22 Jan 2025 - 29 Dec 2025]"
Digital Economy Series (eCPD) 數字經濟系列 (eCPD) *,N/A,N/A,"Provider: Vocational Training Council Institute of Professional Education And Knowledge, Hours: 7"
Financial Investment Series (eCPD) 金融投資系列（eCPD） *,N/A,N/A,"Provider: Vocational Training Council Institute of Professional Education And Knowledge, Hours: 9"
Cybersecurity for Financial Industry Series (eCPD) 金融業網絡安全系列（eCPD） *,N/A,N/A,"Provider: Vocational Training Council Institute of Professional Education And Knowledge, Hours: 3"
Workplace Health Decoding Series (eCPD) 職場健康解碼系列 (eCPD) *,N/A,N/A,"Provider: Vocational Training Council Institute of Professional Education And Knowledge, Hours: 5"
Basic Law Article 23 Legislation: Safeguarding National Security Ordinance and Financial Stability and Security in Hong Kong (eCPD) 《基本法》第二十三條立法：《維護國家安全條例》與香港金融穩定安全 (eCPD) *,N/A,N/A,"Provider: Vocational Training Council Institute of Professional Education And Knowledge, Hours: 3"
"Ethics or Regulations Course – The AML, Client Privacy and Corruption Risk and Family Office Regulations 道德及規例課程 – 反洗錢、客戶私隱及貪污風險及家族辦公室的法規 *",N/A,N/A,"Provider: HK Finance and Legal Professional Training Institute, Hours: 9"
General insurance and annuity product series 一般保險及年金產品系列 *,N/A,N/A,"Provider: HK Finance and Legal Professional Training Institute, Hours: 7"
"Ethics or Regulations Course - Misconduct, Personal Injuries and how Chinese clients affected by China's Capital & FX Control 道德及規例課程 - 不當行為，個人傷害，以及中國資本和外匯管制對中國客戶之影响 *",N/A,N/A,"Provider: HK Finance and Legal Professional Training Institute, Hours: 9"
Product Distribution & Insurtech Series (E-learning) 產品分銷及保險科技系列 (線上學習) *,N/A,N/A,"Provider: Itech (Asia) Company Limited, Hours: 3"
Financial Crime Risk Management 金融犯罪風險管理,N/A,N/A,"Provider: OnePlatform Wealth Management Limited, Hours: 2"
The challenge of Social Selling and how to apply it in the Insurance Industry,N/A,N/A,"Provider: OnePlatform Wealth Management Limited, Hours: 1"
Insurance Product Series 保險產品系列 *,N/A,N/A,"Provider: OnePlatform Wealth Management Limited, Hours: 3"
Technology Series 科技系列 *,N/A,N/A,"Provider: OnePlatform Wealth Management Limited, Hours: 2.5"
Investment Series 投資系列 *,N/A,N/A,"Provider: OnePlatform Wealth Management Limited, Hours: 2"
Compliance Series 法規系列 *,N/A,N/A,"Provider: OnePlatform Wealth Management Limited, Hours: 6"
Ethics or Regulations Series 道德或規例系列 *,N/A,N/A,"Provider: OnePlatform Wealth Management Limited, Hours: 4"
Risk Management Program 風險管理課程 *,N/A,N/A,"Provider: HK Excellent Education Centre, Hours: 11"
Business Ethics 商業道德操守 *,N/A,N/A,"Provider: HK Excellent Education Centre, Hours: 8"
Investment Planning 理財策劃,N/A,N/A,"Provider: HK Excellent Education Centre, Hours: 8"
Wealth Management Program 財富管理課程 *,N/A,N/A,"Provider: HK Excellent Education Centre, Hours: 12"
Fundamental of Insurance and Financial Services for Insurance Intermediaries *,N/A,N/A,"Provider: The Chartered Insurance Institute Hong Kong Limited, Hours: 8.5"
Regulations and compliance for insurance industry 保險業相關法規及條例 *,N/A,N/A,"Provider: Hong Kong Financial Services Professionals Association Limited, Hours: 8"
Improving the Overall Understanding of Wealth Management 提升財富管理的全面認知 *,N/A,N/A,"Provider: Hong Kong Financial Services Professionals Association Limited, Hours: 8"
Practices & Updates in Financial Planning XI - eLearning Series *,N/A,N/A,"Provider: Institute of Financial Planners of Hong Kong, Hours: 18"
Practices & Updates in Financial Planning XII *,N/A,N/A,"Provider: Institute of Financial Planners of Hong Kong, Hours: 14"
"Title of Activity
活動名稱",N/A,N/A,"Provider: Name of Organizer
舉辦機構名稱, Hours: Virtual Classroom Delivery
虛擬教室授課模式"
HNW Sharing Session 高端客戶業務概覽 *,N/A,N/A,"Provider: FWD Life Insurance Company (Bermuda) Limited, Hours: Yes"
FOCUS180 - Phase 2 : Continuous Follow Up FOCUS 180 - 第二階段: 持續跟進 *,N/A,N/A,"Provider: FWD Life Insurance Company (Bermuda) Limited, Hours: Yes"
頂尖領袖發展培訓課程 101 TOP leader development Program 101 *,N/A,N/A,"Provider: FWD Life Insurance Company (Bermuda) Limited, Hours: Yes"
TOP leader development Program 201 頂尖領袖發展培訓課程 201 *,N/A,N/A,"Provider: FWD Life Insurance Company (Bermuda) Limited, Hours: Yes"
Earning Trust and Winning Hearts 101 Series 贏盡客心101系列 *,N/A,N/A,"Provider: FWD Life Insurance Company (Bermuda) Limited, Hours: Yes"
Earning Trust and Winning Hearts 201 Series 贏盡客心201系列 *,N/A,N/A,"Provider: FWD Life Insurance Company (Bermuda) Limited, Hours: Yes"
Holistic Exposure on Insurance Compliance 保險合規全接觸 *,N/A,N/A,"Provider: FWD Life Insurance Company (Bermuda) Limited, Hours: Yes"
Holistic Exposure on Insurance Compliance (eLearning) 保險合規全接觸 (電子學習) *,N/A,N/A,"Provider: FWD Life Insurance Company (Bermuda) Limited, Hours: nan"
Savoring Healthy Moment Series 細味健康系列 *,N/A,N/A,"Provider: FWD Life Insurance Company (Bermuda) Limited, Hours: Yes"
FOCUS 180 - Phase 1: Foundation Program FOCUS 180 - 第一階段: 基礎課程 *,N/A,N/A,"Provider: FWD Life Insurance Company (Bermuda) Limited, Hours: Yes"
Financial Planning Program 理財策劃課程 *,N/A,N/A,"Provider: FWD Life Insurance Company (Bermuda) Limited, Hours: Yes"
IIQE Paper II Examination Preparatory Course – General Insurance 保險中介人資格考試卷二備試課程 – 一般保險 *,N/A,N/A,"Provider: FWD Life Insurance Company (Bermuda) Limited, Hours: Yes"
IIQE Paper V Examination Preparatory Course – Investment-linked Long Term Insurance 保險中介人資格考試 卷五備試課程 – 投資相連長期保險 *,N/A,N/A,"Provider: FWD Life Insurance Company (Bermuda) Limited, Hours: Yes"
Recruitment Skills Training Programme 招聘技能訓練課程 *,N/A,N/A,"Provider: YF Life Insurance International Limited, Hours: No"
Team Management Program 營銷團隊管理課程 *,N/A,N/A,"Provider: YF Life Insurance International Limited, Hours: No"
Elementary Retirement Planning Workshop 退休保障工作坊,N/A,N/A,"Provider: YF Life Insurance International Limited, Hours: Yes"
Regulatory Requirements - Offering of Gifts and Medical Insurance Business 監管要求 - 送贈禮品及醫療保險業務,N/A,N/A,"Provider: YF Life Insurance International Limited, Hours: nan"
Financial Planning and Sales Enhancement Series (2) 財務策劃與銷售提升系列 (2) *,N/A,N/A,"Provider: YF Life Insurance International Limited, Hours: nan"
Financial Planning and Sales Enhancement Series (3) 財務策劃與銷售提升系列 (3) *,N/A,N/A,"Provider: YF Life Insurance International Limited, Hours: nan"
Financial Planning and Sales Enhancement Series (4) 財務策劃與銷售提升系列 (4) *,N/A,N/A,"Provider: YF Life Insurance International Limited, Hours: nan"
Personal Financial Calculation Course 個人財務計算課程,N/A,N/A,"Provider: YF Life Insurance International Limited, Hours: Yes"
Investment Series - Diversified Factors Influencing Global Market Movement 投資系列 - 影響環球市場走勢的多元化因素,N/A,N/A,"Provider: YF Life Insurance International Limited, Hours: Yes"
Personal Financial Calculation Course 2 個人財務計算課程 2,N/A,N/A,"Provider: YF Life Insurance International Limited, Hours: Yes"
Personal Financial Calculation Course 3 - Asset Valuation 個人財務計算課程 3 - 資產估值,N/A,N/A,"Provider: YF Life Insurance International Limited, Hours: Yes"
Expanding the Customer Base in the Greater Bay Area-Using Mainland Social Media Platforms to Expand Mainland Customer Base 拓展灣區目標客群-運用内地社交媒體平臺拓展內地客源,N/A,N/A,"Provider: YF Life Insurance International Limited, Hours: Yes"
Business and Financial Planning Skills Boosting Series 營銷與理財系列 *,N/A,N/A,"Provider: YF Life Insurance International Limited, Hours: Yes"
Compliance and Regulatory for Insurance Intermediaries 中介人法規工作坊 *,N/A,N/A,"Provider: YF Life Insurance International Limited, Hours: Yes"
Insurance Knowledge and Compliance 保險知識及法規 *,N/A,N/A,"Provider: YF Life Insurance International Limited, Hours: nan"
Financial Planning and Sales Enhancement Series (5) 財務策劃與銷售提升系列（5） *,N/A,N/A,"Provider: YF Life Insurance International Limited, Hours: nan"
AIA Intermediaries Licensing Course – Paper 2: General Insurance 友邦中介人牌照課程 – 試卷二：一般保險,N/A,N/A,"Provider: AIA International Limited (Incorporated in Bermuda with limited liability), Hours: Yes"
Preparation Course for Mandatory Provident Fund Schemes Examination 強制性公積金計劃牌照預備班,N/A,N/A,"Provider: AIA International Limited (Incorporated in Bermuda with limited liability), Hours: Yes"
Preparation Course for Paper 5 - Investment-Linked Long Term Insurance Examination,N/A,N/A,"Provider: AIA International Limited (Incorporated in Bermuda with limited liability), Hours: Yes"
Professional Claims Series - Accident (Module 1 & 2) and Critical Illness (Module 3) *,N/A,N/A,"Provider: AIA International Limited (Incorporated in Bermuda with limited liability), Hours: Yes"
Professional Operations Training Course Series – M1 to M3 *,N/A,N/A,"Provider: AIA International Limited (Incorporated in Bermuda with limited liability), Hours: Yes"
Financial Planning Training Series - M1 to M4 *,N/A,N/A,"Provider: AIA International Limited (Incorporated in Bermuda with limited liability), Hours: Yes"
Policy Provision,N/A,N/A,"Provider: AIA International Limited (Incorporated in Bermuda with limited liability), Hours: Yes"
Insurance Concept and Policy Provision 保險概念及保單條款解碼 *,N/A,N/A,"Provider: AIA International Limited (Incorporated in Bermuda with limited liability), Hours: Yes"
iFinancial Health Check 全保理財分析,N/A,N/A,"Provider: AIA International Limited (Incorporated in Bermuda with limited liability), Hours: Yes"
Time Value of Money – Concept and Application 金錢的時間價值 - 概念及應用,N/A,N/A,"Provider: AIA International Limited (Incorporated in Bermuda with limited liability), Hours: nan"
Selling Cycle 銷售循環,N/A,N/A,"Provider: AIA International Limited (Incorporated in Bermuda with limited liability), Hours: nan"
CODE OF CONDUCT FOR LICENSED INSURANCE AGENTS GENERAL PRINCIPLEs 《持牌保險代理人操守守則》一般原則,N/A,N/A,"Provider: AIA International Limited (Incorporated in Bermuda with limited liability), Hours: nan"
"Best Practice on Data Privacy, Direct Marketing and Social Media 良好工作習慣: 保障個人資料、直接促銷及社群媒體的使用",N/A,N/A,"Provider: AIA International Limited (Incorporated in Bermuda with limited liability), Hours: nan"
Insurance Authority’s Regulations on Insurance Intermediaries 保險業監管局對保險中介人之監管要求,N/A,N/A,"Provider: AIA International Limited (Incorporated in Bermuda with limited liability), Hours: nan"
Quality Recruitment - The 5 Great Recruitment Directives 優質招募-5大方向招募,N/A,N/A,"Provider: AIA International Limited (Incorporated in Bermuda with limited liability), Hours: nan"
Regulatory Requirements of Guideline 26 on Sale of ILAS Products GL26 銷售投資相連壽險計劃產品指引(ILAS) 監管要求,N/A,N/A,"Provider: AIA International Limited (Incorporated in Bermuda with limited liability), Hours: nan"
GL25 - Guideline on Offering of Gifts 指引25 送贈禮品指引,N/A,N/A,"Provider: AIA International Limited (Incorporated in Bermuda with limited liability), Hours: nan"
Cold & Warm Calling Skills Workshop 拓展生意技巧工作坊 *,N/A,N/A,"Provider: AIA International Limited (Incorporated in Bermuda with limited liability), Hours: Yes"
GL27 – Guideline on Long Term Insurance Policy Replacement 指引27-長期保險保單轉保指引,N/A,N/A,"Provider: AIA International Limited (Incorporated in Bermuda with limited liability), Hours: nan"
Guideline 29 on Cooling-off Period & Guideline 31 on Medical Insurance Business 指引29-冷靜期指引及指引31-醫療保險業務指引,N/A,N/A,"Provider: AIA International Limited (Incorporated in Bermuda with limited liability), Hours: nan"
Professional Operations Training Course Series 營運專業培訓課程 *,N/A,N/A,"Provider: AIA International Limited (Incorporated in Bermuda with limited liability), Hours: nan"
The Roadshow Workshop 路演工作坊,N/A,N/A,"Provider: AIA International Limited (Incorporated in Bermuda with limited liability), Hours: No"
Guideline 30 on Financial Needs Analysis 指引30-財務需要分析指引,N/A,N/A,"Provider: AIA International Limited (Incorporated in Bermuda with limited liability), Hours: nan"
Roadshow Guideline and Requirements 路演指引及要求,N/A,N/A,"Provider: AIA International Limited (Incorporated in Bermuda with limited liability), Hours: nan"
ESG Investing - You Should Know ESG投資 - 您要知,N/A,N/A,"Provider: AIA International Limited (Incorporated in Bermuda with limited liability), Hours: nan"
Latest ILAS Guideline and PLP-You Should Know 最新投連險指引及PLP您要知,N/A,N/A,"Provider: AIA International Limited (Incorporated in Bermuda with limited liability), Hours: nan"
Do’s and Don’ts On Use of Social Media 使用社群媒體的「該做與不該做」,N/A,N/A,"Provider: AIA International Limited (Incorporated in Bermuda with limited liability), Hours: nan"
Professional Claims Series - Hospitalization,N/A,N/A,"Provider: AIA International Limited (Incorporated in Bermuda with limited liability), Hours: Yes"
Cyber Security Awareness 網絡安全意識,N/A,N/A,"Provider: AIA International Limited (Incorporated in Bermuda with limited liability), Hours: nan"
Agency Management Training Program *,N/A,N/A,"Provider: AIA International Limited (Incorporated in Bermuda with limited liability), Hours: Yes"
Overview and Category of Group Insurance Business 團體保險業務的簡介及類別,N/A,N/A,"Provider: AIA International Limited (Incorporated in Bermuda with limited liability), Hours: nan"
GL3: Guideline on Anti-Money Laundering and Counter-Terrorist Financing 《指引 3》:打擊洗錢及恐怖分子資金籌集指引,N/A,N/A,"Provider: AIA International Limited (Incorporated in Bermuda with limited liability), Hours: nan"
Post Sales Service – Regulatory Requirements on Policy Delivery 售後服務 – 遞送保單的監管要求,N/A,N/A,"Provider: AIA International Limited (Incorporated in Bermuda with limited liability), Hours: nan"
For the best interest of our clients – Customer Service Excellence 客戶最佳利益–卓越客戶服務,N/A,N/A,"Provider: AIA International Limited (Incorporated in Bermuda with limited liability), Hours: nan"
Mandatory Provident Fund Schemes Exam Paper Online Class 強制性公積金計劃線上試題研習班,N/A,N/A,"Provider: AIA International Limited (Incorporated in Bermuda with limited liability), Hours: nan"
Guidance Note on Conducting Sales by Unsolicited Calls 對強積金中介人之電話銷售指引,N/A,N/A,"Provider: AIA International Limited (Incorporated in Bermuda with limited liability), Hours: nan"
Investment-linked Long Term Insurance – question revision class 投資相連長期保險線上試題研習班,N/A,N/A,"Provider: AIA International Limited (Incorporated in Bermuda with limited liability), Hours: nan"
Proper Handling of Policy Assignment 正確處理保單分配及注意事項,N/A,N/A,"Provider: AIA International Limited (Incorporated in Bermuda with limited liability), Hours: nan"
General Insurance Exam Paper Online Class 一般保險線上試題研習班,N/A,N/A,"Provider: AIA International Limited (Incorporated in Bermuda with limited liability), Hours: nan"
Know more about bonus distribution 分紅知多少,N/A,N/A,"Provider: AIA International Limited (Incorporated in Bermuda with limited liability), Hours: nan"
Guidance on Gifts and Entertainment 餽贈及款待指引,N/A,N/A,"Provider: AIA International Limited (Incorporated in Bermuda with limited liability), Hours: nan"
Electronic Data Protection Responsibilities 電子資料保密責任,N/A,N/A,"Provider: AIA International Limited (Incorporated in Bermuda with limited liability), Hours: nan"
Elite Programme 卓越精英進階課程 *,N/A,N/A,"Provider: AIA International Limited (Incorporated in Bermuda with limited liability), Hours: Yes"
AI助你妥善安排招募活動,N/A,N/A,"Provider: AIA International Limited (Incorporated in Bermuda with limited liability), Hours: nan"
善用AI建立獨特個人品牌,N/A,N/A,"Provider: AIA International Limited (Incorporated in Bermuda with limited liability), Hours: nan"
領航掌握AI業務策略思維,N/A,N/A,"Provider: AIA International Limited (Incorporated in Bermuda with limited liability), Hours: nan"
Compliance Training for Responsible Officers of Brokers 持牌保險經紀公司負責人合規培訓,N/A,N/A,"Provider: AIA International Limited (Incorporated in Bermuda with limited liability), Hours: nan"
New Gen Recruitment & Leadership e世代招募 e世代管理 *,N/A,N/A,"Provider: AIA International Limited (Incorporated in Bermuda with limited liability), Hours: nan"
圍欄式處理異議,N/A,N/A,"Provider: AIA International Limited (Incorporated in Bermuda with limited liability), Hours: nan"
Hi-Po Leaders Start-up Workshop - A0.1,N/A,N/A,"Provider: AIA International Limited (Incorporated in Bermuda with limited liability), Hours: No"
Hi-Po Leaders Start-up Workshop - A0.2,N/A,N/A,"Provider: AIA International Limited (Incorporated in Bermuda with limited liability), Hours: No"
Agency Recruitment Training Program 2.0 *,N/A,N/A,"Provider: AIA International Limited (Incorporated in Bermuda with limited liability), Hours: No"
Financial Planner Core Training Program *,N/A,N/A,"Provider: AIA International Limited (Incorporated in Bermuda with limited liability), Hours: Yes"
Premier Academy Core Training Program *,N/A,N/A,"Provider: AIA International Limited (Incorporated in Bermuda with limited liability), Hours: Yes"
Executive Premier Academy Core Training Program *,N/A,N/A,"Provider: AIA International Limited (Incorporated in Bermuda with limited liability), Hours: Yes"
Effective Strategies for Enhancing Net Promotor Score (NPS) 高效提升客戶淨推薦值 (NPS),N/A,N/A,"Provider: AIA International Limited (Incorporated in Bermuda with limited liability), Hours: Yes"
HEALTHCARE 101 健康照護 101,N/A,N/A,"Provider: AIA International Limited (Incorporated in Bermuda with limited liability), Hours: nan"
Application of artificial intelligence in the insurance industry and guidance on ethical principles 人工智能在保險業的應用及道德標準指引,N/A,N/A,"Provider: AIA International Limited (Incorporated in Bermuda with limited liability), Hours: nan"
Pacesetter - The Management Skills Seminar for a New Generation *,N/A,N/A,"Provider: AIA International Limited (Incorporated in Bermuda with limited liability), Hours: Yes"
Experience Leaders Workshop *,N/A,N/A,"Provider: AIA International Limited (Incorporated in Bermuda with limited liability), Hours: Yes"
MPF Product and Selling Skills Training,N/A,N/A,"Provider: AIA International Limited (Incorporated in Bermuda with limited liability), Hours: Yes"
Professional Etiquette and Manners to Impress Your Mainland High Net-worth Customers 接待內地高端客戶的專業禮儀 *,N/A,N/A,"Provider: Vocational Training Council Institute of Professional Education And Knowledge, Hours: Yes"
Insurance Claims,N/A,N/A,"Provider: Vocational Training Council Institute of Professional Education And Knowledge, Hours: Yes"
Employee Benefits Series 僱員福利系列 *,N/A,N/A,"Provider: Vocational Training Council Institute of Professional Education And Knowledge, Hours: Yes"
Essential Technical Insurance Knowledge for Effective Service Quality Enhancement 優越服務必須掌握的保險知識 *,N/A,N/A,"Provider: Vocational Training Council Institute of Professional Education And Knowledge, Hours: Yes"
Enhancing Interpersonal Relationships – Enneagram 提升人際關係 – 九型人格 *,N/A,N/A,"Provider: Vocational Training Council Institute of Professional Education And Knowledge, Hours: Yes"
Health Management Series 健康管理與養生系列 *,N/A,N/A,"Provider: Vocational Training Council Institute of Professional Education And Knowledge, Hours: Yes"
Electronic Financial Service and Big Data 電子金融服務與大數據 *,N/A,N/A,"Provider: Vocational Training Council Institute of Professional Education And Knowledge, Hours: Yes"
"FinTech, Insurtech & Creative Business Management 金融科技（FinTech）、保險金融科技（Insurtech）與創意營商管理 *",N/A,N/A,"Provider: Vocational Training Council Institute of Professional Education And Knowledge, Hours: Yes"
How to Live a Healthy Life 如何活得健康 *,N/A,N/A,"Provider: Vocational Training Council Institute of Professional Education And Knowledge, Hours: Yes"
Open the Door to Selling Insurance to High-Net-Worth Customers 打開向高資產客戶銷售保險的大門 *,N/A,N/A,"Provider: Vocational Training Council Institute of Professional Education And Knowledge, Hours: Yes"
5G and the Finance Industry 5G與金融業 *,N/A,N/A,"Provider: Vocational Training Council Institute of Professional Education And Knowledge, Hours: Yes"
Technical Analysis – Basic Charting 圖表走勢理論 – 基本圖表分析 *,N/A,N/A,"Provider: Vocational Training Council Institute of Professional Education And Knowledge, Hours: Yes"
Advanced Technical Analysis – Japanese Candlesticks 進階圖表走勢理論 - 陰陽燭 *,N/A,N/A,"Provider: Vocational Training Council Institute of Professional Education And Knowledge, Hours: Yes"
Advanced Technical Analysis - Dow Theory 進階圖表走勢理論 - 道氏理論 *,N/A,N/A,"Provider: Vocational Training Council Institute of Professional Education And Knowledge, Hours: Yes"
Advanced Technical Analysis – Elliott Wave Theory 進階圖表走勢理論 – 波浪理論 *,N/A,N/A,"Provider: Vocational Training Council Institute of Professional Education And Knowledge, Hours: Yes"
Derivative Financial Instruments 金融衍生工具 *,N/A,N/A,"Provider: Vocational Training Council Institute of Professional Education And Knowledge, Hours: Yes"
Compliance Training Courses for Insurance Intermediaries 合規培訓課程（保險中介人） *,N/A,N/A,"Provider: Vocational Training Council Institute of Professional Education And Knowledge, Hours: Yes"
The New Solution of Sales Management (Insurance and Investment Professionals) 銷售管理新方向系列 (保險及投資專業人士) *,N/A,N/A,"Provider: Vocational Training Council Institute of Professional Education And Knowledge, Hours: Yes"
Business Ethics in the Finance Sector (eCPD) 商業道德操守(金融業) (eCPD) *,N/A,N/A,"Provider: Vocational Training Council Institute of Professional Education And Knowledge, Hours: nan"
Anti-Money Laundering and Counter-Terrorist Financing Ordinance and Relevant Regulatory Requirements 打擊洗錢及恐怖分子資金籌集條例和相關監管要求 *,N/A,N/A,"Provider: Vocational Training Council Institute of Professional Education And Knowledge, Hours: Yes"
Business Ethics 商業道德操守 *,N/A,N/A,"Provider: Vocational Training Council Institute of Professional Education And Knowledge, Hours: Yes"
Best Practices for Financial Products Intermediaries 金融產品中介人實務須知 *,N/A,N/A,"Provider: Vocational Training Council Institute of Professional Education And Knowledge, Hours: Yes"
Compliance Training Courses for Insurance Agents (eCPD) 合規培訓課程(保險代理人) (eCPD) *,N/A,N/A,"Provider: Vocational Training Council Institute of Professional Education And Knowledge, Hours: nan"
Stress Management (Financial Professionals) – Decoding Stress at Work Place (eCPD) 壓力管理新思維(金融專業人士)-職場壓力解碼 (eCPD),N/A,N/A,"Provider: Vocational Training Council Institute of Professional Education And Knowledge, Hours: nan"
Hedging Investing Series 對沖投資系列 *,N/A,N/A,"Provider: Vocational Training Council Institute of Professional Education And Knowledge, Hours: Yes"
AML/CFT Series 打擊洗錢及恐怖分子資金籌集系列 *,N/A,N/A,"Provider: Vocational Training Council Institute of Professional Education And Knowledge, Hours: Yes"
Greater Bay Area Series (eCPD) 粵港澳大灣區系列 (eCPD) *,N/A,N/A,"Provider: Vocational Training Council Institute of Professional Education And Knowledge, Hours: nan"
Make Good Use of Social Engineering in 4P Marketing (Insurance and Investment Professionals) 善用社交工程(Social Engineering) - 4P營銷術(保險及投資專才系列) *,N/A,N/A,"Provider: Vocational Training Council Institute of Professional Education And Knowledge, Hours: Yes"
Alternative Investment Series 另類投資系列 *,N/A,N/A,"Provider: Vocational Training Council Institute of Professional Education And Knowledge, Hours: Yes"
Accelerated Talent Management CDC Series (Banking and Finance) 飛躍專才管理CDC系列 (銀行及金融專業) *,N/A,N/A,"Provider: Vocational Training Council Institute of Professional Education And Knowledge, Hours: Yes"
Risk Management Series 風險管理系列 *,N/A,N/A,"Provider: Vocational Training Council Institute of Professional Education And Knowledge, Hours: Yes"
The New Solution of Sales Management (Insurance and Investment Professionals) - How to do Heart Selling with High Impact (eCPD) 銷售管理新方向 (保險及投資專業人士) – 打動人心的高效銷售方式 (eCPD),N/A,N/A,"Provider: Vocational Training Council Institute of Professional Education And Knowledge, Hours: nan"
Fund Series 101 基金透視鏡101系列 *,N/A,N/A,"Provider: Vocational Training Council Institute of Professional Education And Knowledge, Hours: Yes"
Smart Retiring 安心退休 *,N/A,N/A,"Provider: Vocational Training Council Institute of Professional Education And Knowledge, Hours: Yes"
Recent Evolutions in Mainland 內地近況 *,N/A,N/A,"Provider: Vocational Training Council Institute of Professional Education And Knowledge, Hours: Yes"
ESG Investing 環境、社會及管治投資 *,N/A,N/A,"Provider: Vocational Training Council Institute of Professional Education And Knowledge, Hours: Yes"
The Pursuit of Excellent Wealth Management Series 卓越財富管理系列 *,N/A,N/A,"Provider: Vocational Training Council Institute of Professional Education And Knowledge, Hours: Yes"
Business Skills Series (eCPD) 商業技巧系列 (eCPD) *,N/A,N/A,"Provider: Vocational Training Council Institute of Professional Education And Knowledge, Hours: nan"
Regulatory Requirements for Selling Financial Products Review and Updates 銷售金融產品的監管要求重温及新知 *,N/A,N/A,"Provider: Vocational Training Council Institute of Professional Education And Knowledge, Hours: Yes"
Trade Based Money Laundering *,N/A,N/A,"Provider: Vocational Training Council Institute of Professional Education And Knowledge, Hours: Yes"
"Risk and Opportunities of Blockchain, Cryptocommerce and Virtual Currencies 區塊鏈、加密商務和虛擬貨幣的風險和機遇 *",N/A,N/A,"Provider: Vocational Training Council Institute of Professional Education And Knowledge, Hours: Yes"
Digital Economy Series (eCPD) 數字經濟系列 (eCPD) *,N/A,N/A,"Provider: Vocational Training Council Institute of Professional Education And Knowledge, Hours: nan"
Passive Investment Index Investing Series 被動投資系列指數化投資 *,N/A,N/A,"Provider: Vocational Training Council Institute of Professional Education And Knowledge, Hours: Yes"
Open to Artificial Intelligence (AI) (Investment and Insurance Professionals) 機智過人 (投資和保險專業人士) *,N/A,N/A,"Provider: Vocational Training Council Institute of Professional Education And Knowledge, Hours: Yes"
Financial Investment Series (eCPD) 金融投資系列（eCPD） *,N/A,N/A,"Provider: Vocational Training Council Institute of Professional Education And Knowledge, Hours: nan"
Finnovation: Redefining Fintech 金融創新：重新定義金融科技 *,N/A,N/A,"Provider: Vocational Training Council Institute of Professional Education And Knowledge, Hours: Yes"
Estate Planning 遺產規劃 *,N/A,N/A,"Provider: Vocational Training Council Institute of Professional Education And Knowledge, Hours: Yes"
Regulatory Compliance Training 監管合規培訓 *,N/A,N/A,"Provider: Vocational Training Council Institute of Professional Education And Knowledge, Hours: Yes"
Investment Finlosophy - Technical Analysis 投資哲學 - 技術分析 *,N/A,N/A,"Provider: Vocational Training Council Institute of Professional Education And Knowledge, Hours: Yes"
Cybersecurity for Financial Industry Series (eCPD) 金融業網絡安全系列（eCPD） *,N/A,N/A,"Provider: Vocational Training Council Institute of Professional Education And Knowledge, Hours: nan"
Smart Personal Financial Planning 智型個人財務規劃 *,N/A,N/A,"Provider: Vocational Training Council Institute of Professional Education And Knowledge, Hours: Yes"
Compliance Training 2024 (eCPD) *,N/A,N/A,"Provider: Vocational Training Council Institute of Professional Education And Knowledge, Hours: nan"
Workplace Health Decoding Series (eCPD) 職場健康解碼系列 (eCPD) *,N/A,N/A,"Provider: Vocational Training Council Institute of Professional Education And Knowledge, Hours: nan"
Refresher Training on Anti-Money Laundering and Counter-Financing of Terrorism for 2024,N/A,N/A,"Provider: Vocational Training Council Institute of Professional Education And Knowledge, Hours: nan"
Artificial Intelligence (AI) Leadership for Insurance and Financial Professionals 保險和金融專業人士的人工智能領導力 *,N/A,N/A,"Provider: Vocational Training Council Institute of Professional Education And Knowledge, Hours: Yes"
An Overview of the Cross-Border Wealth Management Product Market 跨境理財產品市場面面觀系列 *,N/A,N/A,"Provider: Vocational Training Council Institute of Professional Education And Knowledge, Hours: Yes"
From Workplace to Family (Insurance and Financial Professionals) 從職場到家庭 (保險和金融專才系列) *,N/A,N/A,"Provider: Vocational Training Council Institute of Professional Education And Knowledge, Hours: Yes"
Staff Awareness Programme 2024 (eCPD) - Information Security,N/A,N/A,"Provider: Vocational Training Council Institute of Professional Education And Knowledge, Hours: nan"
Speaking to Impress Series (Insurance and Financial Professionals) 專業演講技巧系列 (保險及金融專業人士) *,N/A,N/A,"Provider: Vocational Training Council Institute of Professional Education And Knowledge, Hours: Yes"
Ethics and Compliance 道德與合規 *,N/A,N/A,"Provider: Vocational Training Council Institute of Professional Education And Knowledge, Hours: Yes"
Investment Decoding 投資解碼 *,N/A,N/A,"Provider: Vocational Training Council Institute of Professional Education And Knowledge, Hours: Yes"
Mainland Policies 國策通識 *,N/A,N/A,"Provider: Vocational Training Council Institute of Professional Education And Knowledge, Hours: Yes"
Innovate for Impact 創新影響力 *,N/A,N/A,"Provider: Vocational Training Council Institute of Professional Education And Knowledge, Hours: Yes"
Professional Risk Management 專業風險管理 *,N/A,N/A,"Provider: Vocational Training Council Institute of Professional Education And Knowledge, Hours: Yes"
Winning at the Finish Line: Planning and Legacy Series 贏在終點線-規劃與傳承系列 *,N/A,N/A,"Provider: Vocational Training Council Institute of Professional Education And Knowledge, Hours: Yes"
Seizing Financial Services Opportunities in Greater Bay Area (GBA) 把握大灣區金融服務機遇 *,N/A,N/A,"Provider: Vocational Training Council Institute of Professional Education And Knowledge, Hours: Yes"
Basic Law Article 23 Legislation: Safeguarding National Security Ordinance and Financial Stability and Security in Hong Kong (eCPD) 《基本法》第二十三條立法：《維護國家安全條例》與香港金融穩定安全 (eCPD) *,N/A,N/A,"Provider: Vocational Training Council Institute of Professional Education And Knowledge, Hours: nan"
Investment Theory of Relativity 投資相對論 *,N/A,N/A,"Provider: Vocational Training Council Institute of Professional Education And Knowledge, Hours: Yes"
The role of Artificial Intelligence (AI) in Finance & International 人工智能 (AI) 在金融與國際事務中的角色 *,N/A,N/A,"Provider: Vocational Training Council Institute of Professional Education And Knowledge, Hours: Yes"
AI + Social Media: Leadership Strategies for the New Era 人工智能 + 社交媒體：新時代領導策略 *,N/A,N/A,"Provider: Vocational Training Council Institute of Professional Education And Knowledge, Hours: Yes"
AI in Finance: Balancing Innovation with Ethical Governance 人工智能與金融：創新與道德治理的平衡 *,N/A,N/A,"Provider: Vocational Training Council Institute of Professional Education And Knowledge, Hours: Yes"
Data-Driven Personalization in Finance and Insurance 數據驅動的金融與保險個人化服務 *,N/A,N/A,"Provider: Vocational Training Council Institute of Professional Education And Knowledge, Hours: Yes"
Law Relating to Asset Protection 資產保障相關法律 *,N/A,N/A,"Provider: Vocational Training Council Institute of Professional Education And Knowledge, Hours: Yes"
Boost your work competence with NLP 「身心語言程式學」工作坊 *,N/A,N/A,"Provider: Vocational Training Council Institute of Professional Education And Knowledge, Hours: Yes"
Health Insurance 健康保險 *,N/A,N/A,"Provider: Vocational Training Council Institute of Professional Education And Knowledge, Hours: Yes"
"""Communicating without Talking"" for Financial Professionals 「不言而喻」的奧妙 - 保險從業員工作坊 *",N/A,N/A,"Provider: Vocational Training Council Institute of Professional Education And Knowledge, Hours: Yes"
Business Networking Workshop for Insurance Practitioners 商務人際網絡的建立 - 保險從業員工作坊 *,N/A,N/A,"Provider: Vocational Training Council Institute of Professional Education And Knowledge, Hours: Yes"
Travel Insurance 旅遊保險 *,N/A,N/A,"Provider: Vocational Training Council Institute of Professional Education And Knowledge, Hours: Yes"
Selling Genius Workshop (Insurance & Investment Professionals) 銷售奇才研習坊(保險及投資專業人士) *,N/A,N/A,"Provider: Vocational Training Council Institute of Professional Education And Knowledge, Hours: Yes"
DISC Profiling for Business and Personal Enhancement (Insurance & Investment Professionals) Workshop DISC性格創富[保險及投資專業人士]學習坊 *,N/A,N/A,"Provider: Vocational Training Council Institute of Professional Education And Knowledge, Hours: Yes"
Persuasion Skills for Financial Professionals 說服技巧（金融服務業專才） *,N/A,N/A,"Provider: Vocational Training Council Institute of Professional Education And Knowledge, Hours: Yes"
Boost your work competence with NLP (Module 5-8) 「身心語言程式學」工作坊（單元 5-8） *,N/A,N/A,"Provider: Vocational Training Council Institute of Professional Education And Knowledge, Hours: Yes"
Know Your Customers' Investment Psychology 客戶投資心理解說 *,N/A,N/A,"Provider: Vocational Training Council Institute of Professional Education And Knowledge, Hours: Yes"
Sales Essentials for Financial Professionals 銷售要訣(財經專才系列) *,N/A,N/A,"Provider: Vocational Training Council Institute of Professional Education And Knowledge, Hours: Yes"
Strengthening Your Influential Power Course 強化影響力課程 *,N/A,N/A,"Provider: Vocational Training Council Institute of Professional Education And Knowledge, Hours: Yes"
MPF Training Programme 強積金培訓 *,N/A,N/A,"Provider: Vocational Training Council Institute of Professional Education And Knowledge, Hours: Yes"
Life and Medical Insurance 壽險及醫療險 *,N/A,N/A,"Provider: Vocational Training Council Institute of Professional Education And Knowledge, Hours: Yes"
Mind Management Series - Stress Management 心靈管理系列 - 壓力管理 *,N/A,N/A,"Provider: Vocational Training Council Institute of Professional Education And Knowledge, Hours: Yes"
Legacy Planning and Legacyology 傳承規劃和傳承學 *,N/A,N/A,"Provider: Vocational Training Council Institute of Professional Education And Knowledge, Hours: Yes"
Advanced Management Skills for Financial Professionals 金融專業管理技巧 (進階課程) *,N/A,N/A,"Provider: Vocational Training Council Institute of Professional Education And Knowledge, Hours: Yes"
New Trend of Insurance Market 保險市場新趨勢 *,N/A,N/A,"Provider: Chow Tai Fook Life Insurance Company Limited, Hours: Yes"
明日之星同學會培訓課程系列一 Future Star Club Training Series I *,N/A,N/A,"Provider: Chow Tai Fook Life Insurance Company Limited, Hours: Yes"
FOCUS: Target Recruitment Workshop 定焦攻略: 目標市場招募法 *,N/A,N/A,"Provider: Chow Tai Fook Life Insurance Company Limited, Hours: Yes"
Financial Leadership and Agency Management Essentials 201 金融領袖培育及團隊管理課程201 *,N/A,N/A,"Provider: Chow Tai Fook Life Insurance Company Limited, Hours: Yes"
Essential Management Skills Program 營業管理技巧工作坊 *,N/A,N/A,"Provider: Chow Tai Fook Life Insurance Company Limited, Hours: Yes"
Leadership Essential Program 領袖發展課程 *,N/A,N/A,"Provider: Chow Tai Fook Life Insurance Company Limited, Hours: Yes"
Financial Planner Professional Training Series 專業財策顧問培訓系列 *,N/A,N/A,"Provider: Chow Tai Fook Life Insurance Company Limited, Hours: Yes"
Medical and Critical Illness Knowledge Booster 危疾醫療多面睇 *,N/A,N/A,"Provider: Chow Tai Fook Life Insurance Company Limited, Hours: Yes"
Compliance Training Program 合規培訓課程 *,N/A,N/A,"Provider: Chow Tai Fook Life Insurance Company Limited, Hours: Yes"
Annual Compliance Refresher Program 周年法規課程,N/A,N/A,"Provider: Chow Tai Fook Life Insurance Company Limited, Hours: Yes"
Future Star Club Training Series (Enhanced Version) 明日之星同學會培訓課程（加強版） *,N/A,N/A,"Provider: Chow Tai Fook Life Insurance Company Limited, Hours: Yes"
Recruitment Skill Workshop Plus 招募新星工作坊 *,N/A,N/A,"Provider: Chow Tai Fook Life Insurance Company Limited, Hours: Yes"
Understanding our Selling and Recruiting Strength on DISC *,N/A,N/A,"Provider: Chow Tai Fook Life Insurance Company Limited, Hours: Yes"
ILAS Selling Series 投連銷售系列 *,N/A,N/A,"Provider: Chow Tai Fook Life Insurance Company Limited, Hours: Yes"
HNW Business Development Series 高端業務拓展系列 *,N/A,N/A,"Provider: Chow Tai Fook Life Insurance Company Limited, Hours: Yes"
Claims So Easy 理賠就係咁簡單,N/A,N/A,"Provider: Chow Tai Fook Life Insurance Company Limited, Hours: Yes"
Future Star Club Training Series 3 明日之星同學會培訓課程系列三 *,N/A,N/A,"Provider: Chow Tai Fook Life Insurance Company Limited, Hours: Yes"
Life Planner Quick Start Training 人生規劃師快速起步培訓 *,N/A,N/A,"Provider: Chow Tai Fook Life Insurance Company Limited, Hours: Yes"
團隊管理與發展課程 101 *,N/A,N/A,"Provider: Chow Tai Fook Life Insurance Company Limited, Hours: Yes"
NextGen Agency Leadership Dynamics 201 戰略團隊管理課程201 *,N/A,N/A,"Provider: Chow Tai Fook Life Insurance Company Limited, Hours: Yes"
Industry Elite Kickstart Training 行業精英快速啟動課程 *,N/A,N/A,"Provider: Chow Tai Fook Life Insurance Company Limited, Hours: No"
Insurance Intermediaries Qualifying Examination Workshop - Investment-linked Long Term Insurance Examination 保險中介人資格考試研習班 – 投資相連長期保險考試 *,N/A,N/A,"Provider: Chow Tai Fook Life Insurance Company Limited, Hours: Yes"
Planning Your Life with Protection and Retirement *,N/A,N/A,"Provider: China Everbright Securities International Company Limited, Hours: Yes"
Planning your life with Protection and Retirement *,N/A,N/A,"Provider: China Everbright Securities International Company Limited, Hours: nan"
Business Ethics and Regulations 商業道德與法規 *,N/A,N/A,"Provider: China Everbright Securities International Company Limited, Hours: nan"
High-Impact Productivity and People Management Training for Insurance Intermediaries *,N/A,N/A,"Provider: China Everbright Securities International Company Limited, Hours: nan"
Health and Insurance 健康與保險 *,N/A,N/A,"Provider: China Everbright Securities International Company Limited, Hours: Yes"
The Key to Success - Personal Development and Effective Workplace Communication Training for Insurance Intermediaries *,N/A,N/A,"Provider: China Everbright Securities International Company Limited, Hours: nan"
Developing the Leader within YOU *,N/A,N/A,"Provider: China Everbright Securities International Company Limited, Hours: nan"
The Laws of Leadership N/A *,N/A,N/A,"Provider: China Everbright Securities International Company Limited, Hours: nan"
Workshop for Employer Scheme Selling 僱主計劃銷售培訓 ,N/A,N/A,"Provider: Sun Life Hong Kong Limited, Hours: Yes"
Risk Management Workshop 管‘你’風險工作坊,N/A,N/A,"Provider: Sun Life Hong Kong Limited, Hours: Yes"
Cross Selling Sales Workshop,N/A,N/A,"Provider: Sun Life Hong Kong Limited, Hours: Yes"
Target Saving Selling Workshop,N/A,N/A,"Provider: Sun Life Hong Kong Limited, Hours: Yes"
Fact and Feeling Finding Workshop 搵出勝券工作坊,N/A,N/A,"Provider: Sun Life Hong Kong Limited, Hours: Yes"
Group Life and Medical Insurance Seminar 團體人壽及醫療保障講座 ,N/A,N/A,"Provider: Sun Life Hong Kong Limited, Hours: Yes"
Client Service Sales Workshop 客服取勝工作坊,N/A,N/A,"Provider: Sun Life Hong Kong Limited, Hours: Yes"
Closing Skills Workshop 致勝成交技巧工作坊,N/A,N/A,"Provider: Sun Life Hong Kong Limited, Hours: Yes"
Compliance Workshop 中介人監管守則專題研習坊 *,N/A,N/A,"Provider: Sun Life Hong Kong Limited, Hours: Yes"
Intermediaries Compliance Workshop (E-learning) 中介人監管守則專題研習坊 (電子學習) *,N/A,N/A,"Provider: Sun Life Hong Kong Limited, Hours: nan"
Sales Skills Enhancement Workshop for Financial Planners 理財顧問營銷技巧提升工作坊,N/A,N/A,"Provider: Sun Life Hong Kong Limited, Hours: Yes"
Cybersecurity Risks and Best Practices at Work *,N/A,N/A,"Provider: Sun Life Hong Kong Limited, Hours: nan"
SunLife Financial Planner Professional Training Series *,N/A,N/A,"Provider: Sun Life Hong Kong Limited, Hours: Yes"
Leadership Certification Program I 初級管理認證課程,N/A,N/A,"Provider: Sun Life Hong Kong Limited, Hours: No"
Leadership Certification Program II 中級管理認證課程,N/A,N/A,"Provider: Sun Life Hong Kong Limited, Hours: No"
Leadership Certification Program III 高級管理認證課程,N/A,N/A,"Provider: Sun Life Hong Kong Limited, Hours: No"
Current Development in Healthcare and Overseas Taxation Planning 醫療保健及海外稅務規劃近期發展 *,N/A,N/A,"Provider: Sun Life Hong Kong Limited, Hours: Yes"
Wealth Management Program (WMP) 財富管理課程 *,N/A,N/A,"Provider: BOC Group Life Assurance Company Limited, Hours: nan"
Sales Cycle (SC) 銷售循環課程 *,N/A,N/A,"Provider: BOC Group Life Assurance Company Limited, Hours: nan"
Recruitment Training Program (RTP) 團隊發展實戰篇 *,N/A,N/A,"Provider: BOC Group Life Assurance Company Limited, Hours: nan"
MPF CPD Core Activity 強積金持續專業進修核心活動 *,N/A,N/A,"Provider: BOC Group Life Assurance Company Limited, Hours: Yes"
Compliance Training (CPL) 銷售合規及操守 *,N/A,N/A,"Provider: BOC Group Life Assurance Company Limited, Hours: nan"
MPFPA Closing Workshop 強積金成交工作坊,N/A,N/A,"Provider: AIA International Limited (Incorporated in Bermuda with limited liability), Hours: nan"
Group Insurance Quick Workshop 團體保險速成工作坊,N/A,N/A,"Provider: AIA International Limited (Incorporated in Bermuda with limited liability) , Hours: nan"
Sales Conduct and Risk Management: Recent Update 2025,N/A,N/A,"Provider: The Bank of East Asia Ltd, Hours: Yes"
Compliance Refresher Training on Selling of Investment Products,N/A,N/A,"Provider: The Bank of East Asia Ltd, Hours: nan"
Advanced Consultative Skills,N/A,N/A,"Provider: The Bank of East Asia Ltd, Hours: No"
Design Thinking for Workplace Innovation,N/A,N/A,"Provider: The Bank of East Asia Ltd, Hours: No"
Design Thinking for Creative Problem Solving,N/A,N/A,"Provider: The Bank of East Asia Ltd, Hours: No"
The Power of Growth Mindset 2023,N/A,N/A,"Provider: The Bank of East Asia Ltd, Hours: nan"
Building Sales Relationship ,N/A,N/A,"Provider: The Bank of East Asia Ltd, Hours: No"
Peace of Mind in Retirement and Estate Planning 2025 *,N/A,N/A,"Provider: The Bank of East Asia Ltd, Hours: nan"
Training on The eMPF Platform for MPF Intermediaries *,N/A,N/A,"Provider: The Bank of East Asia Ltd, Hours: Yes"
Conduct Issues and Development of the MPF System for MPF Intermediaries 強積金中介人操守及強積金制度發展 *,N/A,N/A,"Provider: The Bank of East Asia Ltd, Hours: Yes"
Conduct Issues and Development of the MPF System for MPF Intermediaries (2024) 強積金中介人操守及強積金制度發展 (2024),N/A,N/A,"Provider: Principal Investment & Retirement Services Limited, Hours: Yes"
專業財富管理 *,N/A,N/A,"Provider: China Life Insurance (Overseas) Company Limited, Hours: Yes"
金融財務管理應用 *,N/A,N/A,"Provider: China Life Insurance (Overseas) Company Limited, Hours: Yes"
把握新時代下的銷售商機 *,N/A,N/A,"Provider: China Life Insurance (Overseas) Company Limited, Hours: Yes"
金融市場發展及高效溝通技巧 *,N/A,N/A,"Provider: China Life Insurance (Overseas) Company Limited, Hours: Yes"
團隊管理實務技巧 *,N/A,N/A,"Provider: China Life Insurance (Overseas) Company Limited, Hours: Yes"
高效啟導,N/A,N/A,"Provider: China Life Insurance (Overseas) Company Limited, Hours: nan"
金融市場與網絡經濟的發展及機遇 *,N/A,N/A,"Provider: China Life Insurance (Overseas) Company Limited, Hours: Yes"
財富管理專業服務及知識 *,N/A,N/A,"Provider: China Life Insurance (Overseas) Company Limited, Hours: Yes"
保險從業員應有的業務知識 *,N/A,N/A,"Provider: China Life Insurance (Overseas) Company Limited, Hours: nan"
保險從業員應有的道德、操守及規例知識 *,N/A,N/A,"Provider: China Life Insurance (Overseas) Company Limited, Hours: nan"
強積金中介人應有的道德、操守及規例知識 *,N/A,N/A,"Provider: China Life Insurance (Overseas) Company Limited, Hours: Yes"
香港保險中介人商會持續專業發展課程 *,N/A,N/A,"Provider: Hong Kong Chamber of Insurance Intermediaries, Hours: Yes"
Certificate in Financial Consulting (Executive Program) 資深財務策劃顧問證書課程,N/A,N/A,"Provider: International Association of Registered Financial Consultants HK and Macau Centre Company Limited, Hours: No"
Executive Certificate in Contemporary Financial Planning Program 當代財務策劃行政證書課程,N/A,N/A,"Provider: International Association of Registered Financial Consultants HK and Macau Centre Company Limited, Hours: No"
Enhancing your knowledge on General Insurance and Risk Management *,N/A,N/A,"Provider: Zurich Insurance Company Limited, Hours: Yes"
Best Practice in handling referral business from an introducer & Code of Insurance Intermediaries *,N/A,N/A,"Provider: Zurich Insurance Company Limited, Hours: Yes"
Issues in General Insurance and Insurance Practice 一般保險及實踐之論題 *,N/A,N/A,"Provider: Heepon Company Limited, Hours: Yes"
Issues around Benefits and Insurances of the Person 人身保險及利益之論題 *,N/A,N/A,"Provider: Heepon Company Limited, Hours: Yes"
Issues around Insurance and Ethics 保險與道德守則之論題 *,N/A,N/A,"Provider: Heepon Company Limited, Hours: Yes"
保險從業員道德與法規系列,N/A,N/A,"Provider: CPD Centre, Hours: No"
投資管理專題 *,N/A,N/A,"Provider: CPD Centre, Hours: No"
Financial Planner Development Program 理財顧問事業發展課程 *,N/A,N/A,"Provider: Tahoe Life Insurance Company Limited, Hours: Yes"
Basic Knowledge of Investment-linked Long Term Insurance Series 投資相連長期保險基礎系列 *,N/A,N/A,"Provider: Tahoe Life Insurance Company Limited, Hours: Yes"
保險業之專業道德及合規課程 The Professional Ethics and Regulations of Insurance Industry,N/A,N/A,"Provider: Tahoe Life Insurance Company Limited, Hours: Yes"
投資合規,N/A,N/A,"Provider: Bank of China (Hong Kong) Limited, Hours: Yes"
分行合規,N/A,N/A,"Provider: Bank of China (Hong Kong) Limited, Hours: Yes"
客盤管理與關係深化,N/A,N/A,"Provider: Bank of China (Hong Kong) Limited, Hours: Yes"
季度投資市場分析講座 *,N/A,N/A,"Provider: Bank of China (Hong Kong) Limited, Hours: Yes"
一般保險系列 *,N/A,N/A,"Provider: Hong Kong Insurance Intermediaries Association Ltd, Hours: Yes"
Personal Insurance Series 個人保險系列 *,N/A,N/A,"Provider: Hong Kong Insurance Intermediaries Association Ltd, Hours: Yes"
道德及規則系列 *,N/A,N/A,"Provider: Hong Kong Insurance Intermediaries Association Ltd, Hours: Yes"
中港保險系列 *,N/A,N/A,"Provider: Hong Kong Insurance Intermediaries Association Ltd, Hours: Yes"
Financial Planning Development Program (FPDP): Module 4 – Comprehensive Financial Planning,N/A,N/A,"Provider: Manulife (International) Limited, Hours: No"
Regulation and Conduct Requirements for MPF Intermediaries 強積金中介人 - 規管及操守要求,N/A,N/A,"Provider: Manulife (International) Limited, Hours: No"
Leader Development Program - Level 3 經銷經理管理專業課程 - 階段三,N/A,N/A,"Provider: Manulife (International) Limited, Hours: No"
Financial Planning in Life and Death 談生論死話理財,N/A,N/A,"Provider: Manulife (International) Limited, Hours: No"
"Social Media Usage in Exploring Insurance Business 玩轉社交媒體, 助力保險事業",N/A,N/A,"Provider: Manulife (International) Limited, Hours: No"
Training of eMPF Platform for MPF Intermediaries *,N/A,N/A,"Provider: Manulife (International) Limited, Hours: No"
Health & Wealth Protection for MCV Clients 內地客戶「身、財」守護戰,N/A,N/A,"Provider: Manulife (International) Limited, Hours: No"
“3S” Financial Style Training for Parents and Kids 親子理財「3S」訓練 「型」,N/A,N/A,"Provider: Manulife (International) Limited, Hours: No"
Leader Development Program (Level 2) 經銷經理專業管理課程 (階段二),N/A,N/A,"Provider: Manulife (International) Limited, Hours: No"
Leader Development Program - Level 1 經銷經理管理專業課程 - 階段一,N/A,N/A,"Provider: Manulife (International) Limited, Hours: No"
Travel Insurance Training 旅遊保險培訓,N/A,N/A,"Provider: Prudential General Insurance Hong Kong Limited, Hours: Yes"
Foreign Domestic Helper Insurance Training 外籍家庭傭工保險培訓,N/A,N/A,"Provider: Prudential General Insurance Hong Kong Limited, Hours: Yes"
Ethics and Compliance 道德與合規,N/A,N/A,"Provider: Chong Hing Bank Limited, Hours: Yes"
Essential Selling Skills 核心銷售技巧 *,N/A,N/A,"Provider: Chong Hing Bank Limited, Hours: No"
道德及法規探討講座 *,N/A,N/A,"Provider: Professional Training Association, Hours: No"
現代理財規劃,N/A,N/A,"Provider: Professional Training Association, Hours: No"
現代理財規劃 - 實用財務計算機課程,N/A,N/A,"Provider: Professional Training Association, Hours: No"
Wealth Protection and Inheritance 資產捍衛與傳承,N/A,N/A,"Provider: Be Positive Education Centre, Hours: No"
Estate Planning 遺產規劃,N/A,N/A,"Provider: Be Positive Education Centre, Hours: No"
Retirement Planning 退休規劃,N/A,N/A,"Provider: Be Positive Education Centre, Hours: No"
Trade Credit Insurance Workshop,N/A,N/A,"Provider: Euler Hermes Hong Kong Services Limited, Hours: Yes"
"Ethics or Regulations Course – The AML, Client Privacy and Corruption Risk and Family Office Regulations 道德及規例課程 – 反洗錢、客戶私隱及貪污風險及家族辦公室的法規 *",N/A,N/A,"Provider: HK Finance and Legal Professional Training Institute, Hours: nan"
General insurance and annuity product series 一般保險及年金產品系列 *,N/A,N/A,"Provider: HK Finance and Legal Professional Training Institute, Hours: nan"
"Ethics or Regulations Course - Misconduct, Personal Injuries and how Chinese clients affected by China's Capital & FX Control 道德及規例課程 - 不當行為，個人傷害，以及中國資本和外匯管制對中國客戶之影响 *",N/A,N/A,"Provider: HK Finance and Legal Professional Training Institute, Hours: nan"
"Ethics or Regulations Course - Client Privacy, Family Office Regulations and how Chinese clients affected by China’s Capital & FX Control 道德及規例課程 - 客戶私隱，家族辦公室的法規，以及中國資本和外匯管制對中國客戶之影响 *",N/A,N/A,"Provider: HK Finance and Legal Professional Training Institute, Hours: Yes"
"Ethics or Regulations Course - Misconduct, Personal Injuries and Corruption Risk 道德及規例課程 - 不當行為，個人傷害，以及貪污風險 *",N/A,N/A,"Provider: HK Finance and Legal Professional Training Institute, Hours: Yes"
New Agents Training Course 新入職代理人培訓課程 *,N/A,N/A,"Provider: China Taiping Life Insurance (Hong Kong) Company Limited, Hours: Yes"
Parent-Child Financial Keys 親子理財全接觸,N/A,N/A,"Provider: China Taiping Life Insurance (Hong Kong) Company Limited, Hours: Yes"
Compliance and Regulatory Guideline Training 合規指引培訓,N/A,N/A,"Provider: China Taiping Life Insurance (Hong Kong) Company Limited, Hours: Yes"
Compliance and Regulatory Guideline Training (E-Learning) 合規指引培訓 (電子學習),N/A,N/A,"Provider: China Taiping Life Insurance (Hong Kong) Company Limited, Hours: nan"
Professional Financial Planning Knowledge Series 專業理財知識系列 *,N/A,N/A,"Provider: China Taiping Life Insurance (Hong Kong) Company Limited, Hours: Yes"
Financial Planning and Image building Series (E-Learning) 理財概念及個人品牌系列（電子學習） *,N/A,N/A,"Provider: China Taiping Life Insurance (Hong Kong) Company Limited, Hours: nan"
Business Unit Management Series (E-Learning) 營業單位管理系列 (電子學習) *,N/A,N/A,"Provider: China Taiping Life Insurance (Hong Kong) Company Limited, Hours: nan"
Client Base Exploration Series 開拓客源系列 *,N/A,N/A,"Provider: China Taiping Life Insurance (Hong Kong) Company Limited, Hours: Yes"
Enhancing Sales Performance Series 提升銷售成果系列 *,N/A,N/A,"Provider: China Taiping Life Insurance (Hong Kong) Company Limited, Hours: Yes"
New Agent Training (E-Learning) 新入職代理人培訓 (電子學習) *,N/A,N/A,"Provider: China Taiping Life Insurance (Hong Kong) Company Limited, Hours: nan"
保險從業員須具備的精算知識 *,N/A,N/A,"Provider: Huabo Wealth Management (Hong Kong) Company Limited, Hours: No"
Employee Benefits *,N/A,N/A,"Provider: Mercer (Hong Kong) Limited, Hours: No"
Business Conduct & Ethics,N/A,N/A,"Provider: Willis Hong Kong Limited, Hours: Yes"
Understanding Trade Credit Insurance,N/A,N/A,"Provider: Willis Hong Kong Limited, Hours: Yes"
Retirement Planning and Implication to Retirement Landscape in Hong Kong,N/A,N/A,"Provider: Willis Hong Kong Limited, Hours: Yes"
保險索償（與意外、住院醫療、人壽及危疾保險相關）深造系列 *,N/A,N/A,"Provider: Greater China Corporate Trainers Association, Hours: No"
Insurance Management and Legal Studies Series *,N/A,N/A,"Provider: Vista Academy Co Limited, Hours: Yes"
Personal Lines and SME Insurance Series *,N/A,N/A,"Provider: Vista Academy Co Limited, Hours: Yes"
Ethics or Regulations series *,N/A,N/A,"Provider: Vista Academy Co Limited, Hours: Yes"
Financial Planning for Later Stages of Life 人生後期階段的財務策劃 *,N/A,N/A,"Provider: Hin Wick Business Services Limited, Hours: No"
Anti-Money Laundering and Counter-Terrorist Financing Training,N/A,N/A,"Provider: Asia Insurance Co Ltd, Hours: No"
Internal Control Training & Risk and Control Self-Assessment Workshop,N/A,N/A,"Provider: Asia Insurance Co Ltd, Hours: No"
"Knowledge on Consolidation, MPF Updates and Asset Liability Management *",N/A,N/A,"Provider: Lockton Companies (Hong Kong) Limited, Hours: No"
"Trade Credit insurance, Business Interruption and Business Continuity Management *",N/A,N/A,"Provider: Lockton Companies (Hong Kong) Limited, Hours: Yes"
Fundamental of Insurance and Enterprise Risk Management Essentials *,N/A,N/A,"Provider: Lockton Companies (Hong Kong) Limited, Hours: Yes"
Integrated Skills Development: From Presentation to Industry Expertise *,N/A,N/A,"Provider: Lockton Companies (Hong Kong) Limited, Hours: Yes"
"Enterprise Essentials: MPF, Risk & Stakeholder Communication *",N/A,N/A,"Provider: Lockton Companies (Hong Kong) Limited, Hours: Yes"
Family Wealth Planning Series 1 家庭財富規劃系列(一) *,N/A,N/A,"Provider: Family Financial Education Institute, Hours: Yes"
Personal Investment Planning Series 個人投資規劃系列 *,N/A,N/A,"Provider: Family Financial Education Institute, Hours: Yes"
Ethics & Regulations Training for Financial Advisors 理財顧問道德及規例培訓 *,N/A,N/A,"Provider: Family Financial Education Institute, Hours: Yes"
Wealth Appreciation & Risk Management 財富增值及風險管理 *,N/A,N/A,"Provider: Family Financial Education Institute, Hours: Yes"
Product Distribution & Insurtech Series 產品分銷及保險科技系列 *,N/A,N/A,"Provider: Itech (Asia) Company Limited, Hours: Yes"
"Financial management, insurance products and code of conduct series 財務策劃，保險產品及操守守則系列 *",N/A,N/A,"Provider: Itech (Asia) Company Limited, Hours: Yes"
Compliance & legal series 合規及法規系列 *,N/A,N/A,"Provider: Itech (Asia) Company Limited, Hours: Yes"
Product Distribution & Insurtech Series (E-learning) 產品分銷及保險科技系列 (線上學習) *,N/A,N/A,"Provider: Itech (Asia) Company Limited, Hours: nan"
Overview of Captive 自保管理篇 *,N/A,N/A,"Provider: Itech (Asia) Company Limited, Hours: Yes"
Financial Crime Risk Management 金融犯罪風險管理,N/A,N/A,"Provider: OnePlatform Wealth Management Limited, Hours: nan"
Mandatory Provident Fund (MPF) Schemes Examination Intensive Course 強制性公積金計劃考試精讀班,N/A,N/A,"Provider: OnePlatform Wealth Management Limited, Hours: Yes"
The challenge of Social Selling and how to apply it in the Insurance Industry,N/A,N/A,"Provider: OnePlatform Wealth Management Limited, Hours: nan"
Medical Claim 醫療索償,N/A,N/A,"Provider: OnePlatform Wealth Management Limited, Hours: Yes"
Insurance Product Series 保險產品系列 *,N/A,N/A,"Provider: OnePlatform Wealth Management Limited, Hours: nan"
Real Estate Investment 物業投資,N/A,N/A,"Provider: OnePlatform Wealth Management Limited, Hours: Yes"
Selling Skills Series 銷售技巧系列 *,N/A,N/A,"Provider: OnePlatform Wealth Management Limited, Hours: Yes"
Retirement Planning 無憂退休,N/A,N/A,"Provider: OnePlatform Wealth Management Limited, Hours: Yes"
Technology Series 科技系列 *,N/A,N/A,"Provider: OnePlatform Wealth Management Limited, Hours: nan"
Investment Series 投資系列 *,N/A,N/A,"Provider: OnePlatform Wealth Management Limited, Hours: nan"
Compliance Series 法規系列 *,N/A,N/A,"Provider: OnePlatform Wealth Management Limited, Hours: nan"
Ethics or Regulations Series 道德或規例系列 *,N/A,N/A,"Provider: OnePlatform Wealth Management Limited, Hours: nan"
Investment Series 1 投資系列 1 *,N/A,N/A,"Provider: OnePlatform Wealth Management Limited, Hours: Yes"
Investment Series 2 投資系列 2 *,N/A,N/A,"Provider: OnePlatform Wealth Management Limited, Hours: Yes"
"Intensive Course: Licensing Examination for Securities and Futures Intermediaries (Paper 1, Paper 7, and Paper 8) 精讀班: 證券及期貨從業員資格考試〈試卷一、試卷七及試卷八〉 *",N/A,N/A,"Provider: OnePlatform Wealth Management Limited, Hours: Yes"
Effective NLP Selling Skills Builder 高效NLP銷售技巧 *,N/A,N/A,"Provider: Agile Elite Consultancy Limited, Hours: Yes"
Regulation and Compliance of Insurance Industry in Hong Kong 香港保險業監管與法規 *,N/A,N/A,"Provider: Agile Elite Consultancy Limited, Hours: Yes"
Risk Management Program 風險管理課程 *,N/A,N/A,"Provider: HK Excellent Education Centre, Hours: nan"
Business Ethics 商業道德操守 *,N/A,N/A,"Provider: HK Excellent Education Centre, Hours: nan"
Investment Planning 理財策劃,N/A,N/A,"Provider: HK Excellent Education Centre, Hours: nan"
Wealth Management Program 財富管理課程 *,N/A,N/A,"Provider: HK Excellent Education Centre, Hours: nan"
"Investment, Stocks and Financial History 投資、股票和財務歷史 ",N/A,N/A,"Provider: Wisdom Unions Limited, Hours: Yes"
Professional Will Writing for Insurance Intermediaries 保險中介人專業遺囑撰寫課程 *,N/A,N/A,"Provider: Wisdom Unions Limited, Hours: Yes"
Trust and Succession Wealth Management in Hong Kong and the PRC 香港及中國信託與傳承財富管理 *,N/A,N/A,"Provider: Wisdom Unions Limited, Hours: Yes"
Marriage laws and Assets Management - the difference between Hong Kong and the PRC 婚姻的法則與理財規劃 - 香港與中國的差異 *,N/A,N/A,"Provider: Wisdom Unions Limited, Hours: Yes"
"The effective communication, personality analysis and sales technique for insurance intermediaries 保險中介的有效溝通，性格分析和銷售技巧課程 *",N/A,N/A,"Provider: Wisdom Unions Limited, Hours: Yes"
"MPF insurance intermediaries' ethics, laws, common violations and misconducts 強積金中介人的操守，法律及常見的違規與不當行為 *",N/A,N/A,"Provider: Wisdom Unions Limited, Hours: Yes"
家族辦公室的財富管理、傳承及運作 *,N/A,N/A,"Provider: Wisdom Unions Limited, Hours: Yes"
HONG KONG INSURANCE RELATED LAWS 香港保險相關法例 *,N/A,N/A,"Provider: I-SOLUTION CONSULTING LIMITED, Hours: Yes"
Motor Insurance (Third Party Risk) Ordinance and Motor Insurance Policy 汽車保險(第三者風險)條例與汽車保險單條款 *,N/A,N/A,"Provider: I-SOLUTION CONSULTING LIMITED, Hours: Yes"
Hong Kong Insurance Related Laws 2 香港保險相關法例（二） *,N/A,N/A,"Provider: I-SOLUTION CONSULTING LIMITED, Hours: Yes"
Hong Kong Labour Insurance Claims and Cases 香港勞工保險索償與案例 *,N/A,N/A,"Provider: I-SOLUTION CONSULTING LIMITED, Hours: Yes"
Building a High Performance Team Series 建立高績效團隊系列 *,N/A,N/A,"Provider: BUPA (Asia) Ltd, Hours: Yes"
Culture-in-Action Series *,N/A,N/A,"Provider: BUPA (Asia) Ltd, Hours: Yes"
Qualified Medical Insurance Consultant Program *,N/A,N/A,"Provider: BUPA (Asia) Ltd, Hours: Yes"
Management Essentials Series *,N/A,N/A,"Provider: BUPA (Asia) Ltd, Hours: Yes"
"The necessary international and local insurance regulations, Insurtech and ESG knowledge for Insurance Practitioner 保險從業者所需的國際和本地保險法規、保險科技（Insurtech）以及環境、社會和治理（ESG）知識",N/A,N/A,"Provider: The Australian and New Zealand Institute of Insurance and Finance (Hong Kong) Limited, Hours: Yes"
QEP5: Investment-Linked Long Term Exam Preparatory Class,N/A,N/A,"Provider: AXA China Region Insurance Company Limited, Hours: Yes"
Sales Cycle Training Series 銷售循環培訓系列課程 *,N/A,N/A,"Provider: AXA China Region Insurance Company Limited, Hours: Yes"
Compliance Refresher Training 2024 監管要求更新培訓 2024,N/A,N/A,"Provider: AXA China Region Insurance Company Limited, Hours: Yes"
AXA PRIME BLUE - WEALTH MANAGEMENT MANAGER TRAINING 財富管理經理課程,N/A,N/A,"Provider: AXA China Region Insurance Company Limited, Hours: Yes"
Insurance Protection Planning 保險保障規劃,N/A,N/A,"Provider: AXA China Region Insurance Company Limited, Hours: No"
Efficient Sales Communication Skills - Critical Illness 高效銷售溝通技巧 - 危疾篇,N/A,N/A,"Provider: AXA China Region Insurance Company Limited, Hours: No"
DISC-保險見客溝通技巧,N/A,N/A,"Provider: AXA China Region Insurance Company Limited, Hours: No"
Social Media Marketing Strategy for Insurance - Basic (CPD) 社交媒體保險營銷攻略 - 初階（持續進修）,N/A,N/A,"Provider: AXA China Region Insurance Company Limited, Hours: No"
AXA高端/優秀人才專屬遙距課程,N/A,N/A,"Provider: AXA China Region Insurance Company Limited, Hours: Yes"
Emotional Insurance Communication Skills and Sales Workshop 感性保險溝通技巧與銷售工作坊,N/A,N/A,"Provider: AXA China Region Insurance Company Limited, Hours: No"
新人簽單工作坊 – 保障及理財概念 New Agent Success Workshop - Insurance and Financial Planning,N/A,N/A,"Provider: AXA China Region Insurance Company Limited, Hours: No"
New Agent Success Workshop - Medical 新人簽單工作坊 – 醫療市場資訊,N/A,N/A,"Provider: AXA China Region Insurance Company Limited, Hours: No"
Social Media Marketing Strategy for Insurance – Advanced (CPD) 社交媒體保險營銷攻略 – 進階（持續進修),N/A,N/A,"Provider: AXA China Region Insurance Company Limited, Hours: Yes"
DISC – 保險見客溝通技巧講座（進階篇）,N/A,N/A,"Provider: AXA China Region Insurance Company Limited, Hours: Yes"
Rational Insurance Communication Skills Seminar 理性保險溝通技巧講座,N/A,N/A,"Provider: AXA China Region Insurance Company Limited, Hours: Yes"
MCV課程（單元一）：香港醫療險內地市場拓展與銷售技巧（ 普通話 ）,N/A,N/A,"Provider: AXA China Region Insurance Company Limited, Hours: Yes"
MCV課程（單元二）：香港儲蓄險內地市場拓展與銷售技巧,N/A,N/A,"Provider: AXA China Region Insurance Company Limited, Hours: Yes"
MDRT Series: Product Combo Selling - Retirement MDRT攻略: 產品組合銷售 - 退休篇 ,N/A,N/A,"Provider: AXA China Region Insurance Company Limited, Hours: Yes"
MDRT Series: Product Combo Selling - Educational Fund MDRT系列: 產品組合銷售 - 教育篇 ,N/A,N/A,"Provider: AXA China Region Insurance Company Limited, Hours: Yes"
Professional Financial Planning Knowledge 專業理財策劃知識 *,N/A,N/A,"Provider: DL Wealth Management Institute Limited, Hours: Yes"
Ethics and Regulations training 道德及規例培訓 *,N/A,N/A,"Provider: DL Wealth Management Institute Limited, Hours: Yes"
Selling Skills Enhancement 銷售技巧提升 *,N/A,N/A,"Provider: DL Wealth Management Institute Limited, Hours: Yes"
"Comprehensive Training for Licensed Staff on Compliance, Risk, Conduct, Technologies, Virtual Assets, and Anti-Fraud & Cybersecurity Controls: Mastering Latest Developments *",N/A,N/A,"Provider: Trio Consultant Hub Limited, Hours: No"
IA Codes and Guideline for Licensed Insurance Agents (E-learning) 持牌保險代理人操守守則及保監局指引 (網上培訓) *,N/A,N/A,"Provider: Prudential Hong Kong Limited, Hours: nan"
Agency Management Online Training Series - Futuready Leaders Development 經理網上培訓系列 - 未來團隊領袖課程 *,N/A,N/A,"Provider: Prudential Hong Kong Limited, Hours: nan"
Best Practice For Licensed Intermediaries 持牌保險代理人專業守則 *,N/A,N/A,"Provider: Prudential Hong Kong Limited, Hours: Yes"
Plan Your Money - Investing 101 理財有道 - 投資入門 101 *,N/A,N/A,"Provider: Prudential Hong Kong Limited, Hours: nan"
Induction Programme 新理財顧問啟動課程 *,N/A,N/A,"Provider: Prudential Hong Kong Limited, Hours: Yes"
Comprehensive Financial & Insurance Planning 全面的財務及保險策劃 *,N/A,N/A,"Provider: Prudential Hong Kong Limited, Hours: Yes"
Ethics & Regulations in Insurance Industry 保險業的道德與規例,N/A,N/A,"Provider: Prudential Hong Kong Limited, Hours: Yes"
360財務策劃全面睇 *,N/A,N/A,"Provider: Prudential Hong Kong Limited, Hours: Yes"
Intermediaries Qualifying Examination Preparatory Class 中介人資格考試預備班 *,N/A,N/A,"Provider: Prudential Hong Kong Limited, Hours: Yes"
Health Protection Training Series 醫療保險培訓系列 *,N/A,N/A,"Provider: Prudential Hong Kong Limited, Hours: Yes"
Advanced Sales Training Series 進階銷售發展系列 *,N/A,N/A,"Provider: Prudential Hong Kong Limited, Hours: nan"
ELITE CIRCLES Continuing Professional Development Program - Ethics and Regulations (MPF) *,N/A,N/A,"Provider: Elite Circles International Limited, Hours: Yes"
Financial Planning and Risk Management Training 理財規劃及風險管理培訓 *,N/A,N/A,"Provider: Dynasty Financial Group Limited, Hours: Yes"
Green and Sustainable Finance Program 綠色和可持續金融課程,N/A,N/A,"Provider: The Hong Kong Institute of Financial Analysts and Professional Commentators Limited, Hours: No"
Compliance and Regulatory Series 合規監管系列 *,N/A,N/A,"Provider: Waterdrop Financial Services (HK) Limited, Hours: Yes"
Cybersecurity Awareness Training 網絡安全培訓,N/A,N/A,"Provider: eWalker Consulting (HK) Limited, Hours: Yes"
eMPF Platform 積金易成員及僱主平台 *,N/A,N/A,"Provider: Chubb Life Insurance Hong Kong Limited, Hours: Yes"
Legacy Planning 遺產規劃 *,N/A,N/A,"Provider: LMC MANAGEMENT CONSULTANCY LIMITED, Hours: No"
Unlocking Potentials for Insurance Professionals: Transformational Beliefs and Behaviors *,N/A,N/A,"Provider: Aon Hong Kong Ltd, Hours: No"
Financial Planning For High-Net-Worth Customers 高端客戶的理財規劃設計,N/A,N/A,"Provider: School of Professional and Continuing Education, The University of Hong Kong, Hours: Yes"
Family Office Establishment and Asset Allocation 家族辦公室成立及資產配置,N/A,N/A,"Provider: School of Professional and Continuing Education, The University of Hong Kong, Hours: No"
Employee Compensation Ordinance *,N/A,N/A,"Provider: Standard Academy of Insurance & Management Ltd, Hours: Yes"
Abstracts of Insurance Related Ordinances and Guidance Note - Brief Summary *,N/A,N/A,"Provider: Standard Academy of Insurance & Management Ltd, Hours: Yes"
28 Insurance Traps an insurance intermediary has to know *,N/A,N/A,"Provider: Standard Academy of Insurance & Management Ltd, Hours: Yes"
Management Skills Enhancement Series No. 1 - Sales Management - Motivation and Communication *,N/A,N/A,"Provider: Standard Academy of Insurance & Management Ltd, Hours: Yes"
Sale Made Simple - Popular Insurance Series No. 1 *,N/A,N/A,"Provider: Standard Academy of Insurance & Management Ltd, Hours: Yes"
Sale Made Easy Series *,N/A,N/A,"Provider: Standard Academy of Insurance & Management Ltd, Hours: Yes"
Management Series No. 2 *,N/A,N/A,"Provider: Standard Academy of Insurance & Management Ltd, Hours: Yes"
Career and Job Management Series *,N/A,N/A,"Provider: Standard Academy of Insurance & Management Ltd, Hours: Yes"
Review of Law and Practice of MPF and Most updated Court Interpretation of Compulsory Motor Ordinance and Policy Wording *,N/A,N/A,"Provider: Standard Academy of Insurance & Management Ltd, Hours: Yes"
32 Actual Insurance Claims Complaint an Insurance Intermediary cannot Miss or Ignore *,N/A,N/A,"Provider: Standard Academy of Insurance & Management Ltd, Hours: Yes"
"Business Interruption Insurance, Fidelity Guarantee and Surety Bond *",N/A,N/A,"Provider: Standard Academy of Insurance & Management Ltd, Hours: Yes"
80 Insurance Clauses and Warranties an Insurance Intermediary has to understand *,N/A,N/A,"Provider: Standard Academy of Insurance & Management Ltd, Hours: Yes"
"Staff, career and grief counselling for employees' assistance, motivation and enhancement of customers' services *",N/A,N/A,"Provider: Standard Academy of Insurance & Management Ltd, Hours: Yes"
Risk Management *,N/A,N/A,"Provider: Standard Academy of Insurance & Management Ltd, Hours: Yes"
Top Twenty Management Models (Conceptual Tools) - Most Effective and Useful Shortcut Guide for Successful Managers *,N/A,N/A,"Provider: Standard Academy of Insurance & Management Ltd, Hours: Yes"
Effective Time Management for Insurance Intermediaries *,N/A,N/A,"Provider: Standard Academy of Insurance & Management Ltd, Hours: Yes"
Enhance Emotional Quotient (EQ) and Adversity Quotient (AQ) to Optimize our Insurance Career *,N/A,N/A,"Provider: Standard Academy of Insurance & Management Ltd, Hours: Yes"
Enhancing Self-confidence and Self-esteem to improve sales performance *,N/A,N/A,"Provider: Standard Academy of Insurance & Management Ltd, Hours: Yes"
Professional Level CPD Course- Most Updated Court Interpretation of Insurance Policy Contract Terms and Conditions (Part I) *,N/A,N/A,"Provider: Standard Academy of Insurance & Management Ltd, Hours: Yes"
Career Self-Management *,N/A,N/A,"Provider: Standard Academy of Insurance & Management Ltd, Hours: Yes"
Effective Leadership *,N/A,N/A,"Provider: Standard Academy of Insurance & Management Ltd, Hours: Yes"
Marine Insurance - Professional Level Series *,N/A,N/A,"Provider: Standard Academy of Insurance & Management Ltd, Hours: Yes"
Professional Level CPD Course - Most Updated Statutes and Court Interpretation of Insurance Policy Contract Terms and Conditions (Part 3) - Liability Insurance *,N/A,N/A,"Provider: Standard Academy of Insurance & Management Ltd, Hours: Yes"
"Professional Level CPD Course – Court of Final Appeal & Others – Leading Insurance Court Cases (Part 4 and Part 5) - Duty of Insurance Brokers and Agents, Motor, Property, Cargo and Liability Insurance *",N/A,N/A,"Provider: Standard Academy of Insurance & Management Ltd, Hours: Yes"
Professional Level CPD Course – Court of Final Appeal & Others – Leading Insurance Court Cases (Part 6 and Part 7) - Employees Compensation Insurance and Complicated Issues of Sports and Tours Liability *,N/A,N/A,"Provider: Standard Academy of Insurance & Management Ltd, Hours: Yes"
"Professional Ethics and Regulations Series I - New Codes, General Principles and Ordinance for Insurance Intermediaries *",N/A,N/A,"Provider: Standard Academy of Insurance & Management Ltd, Hours: Yes"
Professional Ethics and Regulations Series II - Updated Court Cases and Concepts of Misconduct of insurance intermediaries *,N/A,N/A,"Provider: Standard Academy of Insurance & Management Ltd, Hours: Yes"
Professional Ethics and Regulations Series– III Updated Court Cases and concepts of: Anti-Money Laundering and Terrorist Financing and Fraud Pyramid Schemes *,N/A,N/A,"Provider: Standard Academy of Insurance & Management Ltd, Hours: Yes"
"Professional Level CPD Course – Court of Final Appeal & Others – (Part 8, Part 9 and Part 10) – Contemporary Interpretation of Employees Compensation Ordinance *",N/A,N/A,"Provider: Standard Academy of Insurance & Management Ltd, Hours: Yes"
"Conduct Issues and Latest Development of the MPF system, Common Offence & Misconduct Issues; And eMPF *",N/A,N/A,"Provider: Standard Academy of Insurance & Management Ltd, Hours: Yes"
Building Core Knowledge Seminar for Insurance Intermediaries *,N/A,N/A,"Provider: The Chartered Insurance Institute Hong Kong Limited, Hours: Yes"
Digital and Innovation Seminar for Insurance Intermediaries *,N/A,N/A,"Provider: The Chartered Insurance Institute Hong Kong Limited, Hours: Yes"
Legal and Risks CPD Seminar *,N/A,N/A,"Provider: The Chartered Insurance Institute Hong Kong Limited, Hours: Yes"
Fundamental of Insurance and Financial Services for Insurance Intermediaries *,N/A,N/A,"Provider: The Chartered Insurance Institute Hong Kong Limited, Hours: nan"
Ethics & Regulation Seminar for Insurance Intermediaries *,N/A,N/A,"Provider: The Chartered Insurance Institute Hong Kong Limited, Hours: Yes"
Financial Planning 財務規劃 *,N/A,N/A,"Provider: The Chartered Insurance Institute Hong Kong Limited, Hours: Yes"
Comprehensive Course of Insurance Principles and Practice,N/A,N/A,"Provider: The Chartered Insurance Institute Hong Kong Limited, Hours: Yes"
The Law of Contract and Torts,N/A,N/A,"Provider: The Chartered Insurance Institute Hong Kong Limited, Hours: Yes"
Insurance Law: Legal Principles and Insurance Contracts,N/A,N/A,"Provider: The Chartered Insurance Institute Hong Kong Limited, Hours: Yes"
Mediation and Arbitration Practice for Insurance and Financial Planning Profession,N/A,N/A,"Provider: The Chartered Insurance Institute Hong Kong Limited, Hours: Yes"
Energy Insurance Training,N/A,N/A,"Provider: The Chartered Insurance Institute Hong Kong Limited, Hours: Yes"
Polycrisis: Redefining Risk Management for a Changing World,N/A,N/A,"Provider: The Chartered Insurance Institute Hong Kong Limited, Hours: Yes"
Climate Change/Breakdown: Addressing Challenges and Innovating Insurance Solutions,N/A,N/A,"Provider: The Chartered Insurance Institute Hong Kong Limited, Hours: Yes"
AI in Insurance: Leveraging Artificial Intelligence for Enhanced Risk Management and Customer Engagement,N/A,N/A,"Provider: The Chartered Insurance Institute Hong Kong Limited, Hours: Yes"
"Marine Risks in Perspective – Dynamics, Pitfalls and Challenges",N/A,N/A,"Provider: The Chartered Insurance Institute Hong Kong Limited, Hours: Yes"
Mediation in Maritime Disputes,N/A,N/A,"Provider: The Chartered Insurance Institute Hong Kong Limited, Hours: Yes"
"London Insurance Market: History, Operations, and Work Experience and its Implication to Insurance Practice in Hong Kong",N/A,N/A,"Provider: The Chartered Insurance Institute Hong Kong Limited, Hours: Yes"
Challenges and Expansion of the London Insurance Market and Its Implications to Insurance Practice in Hong Kong,N/A,N/A,"Provider: The Chartered Insurance Institute Hong Kong Limited, Hours: Yes"
"Underwriting at London Insurance Market - History, Modern Practices, and the Underwriting Experience",N/A,N/A,"Provider: The Chartered Insurance Institute Hong Kong Limited, Hours: Yes"
Underwriting at the London Insurance Market - A Guide to Risk Placement in the London Market Insurance,N/A,N/A,"Provider: The Chartered Insurance Institute Hong Kong Limited, Hours: Yes"
Cyber Insurance Training,N/A,N/A,"Provider: The Chartered Insurance Institute Hong Kong Limited, Hours: Yes"
Robust Fraud Risk Control Framework Course - Part 1,N/A,N/A,"Provider: The Chartered Insurance Institute Hong Kong Limited, Hours: Yes"
Robust Fraud Risk Control Framework Course - Part 2,N/A,N/A,"Provider: The Chartered Insurance Institute Hong Kong Limited, Hours: Yes"
Risk Assessment and Underwriting in Aviation Insurance: Strategies for Effective Coverage and Reinsurance,N/A,N/A,"Provider: The Chartered Insurance Institute Hong Kong Limited, Hours: Yes"
"Market Practices: Understanding Endorsements, Deductibles, Contractual Arrangements, and Insurance Markets",N/A,N/A,"Provider: The Chartered Insurance Institute Hong Kong Limited, Hours: Yes"
Space Insurance,N/A,N/A,"Provider: The Chartered Insurance Institute Hong Kong Limited, Hours: Yes"
Financial Planning Series II 財務策劃系列課程 II *,N/A,N/A,"Provider: Hong Kong Life Insurance Limited, Hours: Yes"
Ethics and Regulations – You need to know II 道德及規例 – 您要知 II *,N/A,N/A,"Provider: Hong Kong Life Insurance Limited, Hours: nan"
Financial Planning Series III 財務策劃系列課程 III *,N/A,N/A,"Provider: Hong Kong Life Insurance Limited, Hours: nan"
The Opportunities and Challenges for HK Insurance Business in Greater Bay Area II 粵港澳大灣區與香港保險業務的機遇和挑戰 II *,N/A,N/A,"Provider: Hong Kong Life Insurance Limited, Hours: nan"
Foundation Certificate in Statutory Insurance and Claims (Motor) (Part-time) 強制性保險條例及索償(汽車)基礎證書(兼讀制),N/A,N/A,"Provider: The Hong Kong Federation of Trade Unions Occupational Retraining Centre, Hours: Yes"
Foundation Certificate in Insurance Claims (Medical & Personal Accidents) (Part-time) 保險索償(醫療及個人意外) 基礎證書(兼讀制),N/A,N/A,"Provider: The Hong Kong Federation of Trade Unions Occupational Retraining Centre, Hours: Yes"
Foundation Certificate in Financial Planning (Mutual Funds and Equity) (Part-time) 財務策劃(基金和證券投資) 基礎證書(兼讀制),N/A,N/A,"Provider: The Hong Kong Federation of Trade Unions Occupational Retraining Centre, Hours: Yes"
The Status Quo and Future Challenge of Hong Kong Bancassurance 香港銀行保險業現況及面對的挑戰,N/A,N/A,"Provider: The Hong Kong Federation of Trade Unions Occupational Retraining Centre, Hours: Yes"
Foundation Certificate in Financial Planning (Retirement Planning II) (Part-time) 財務策劃 (退休策劃 II) 基礎證書 (兼讀制) *,N/A,N/A,"Provider: The Hong Kong Federation of Trade Unions Occupational Retraining Centre, Hours: Yes"
Foundation Certificate in Statutory Insurance and Claims (Employees' Compensation) (Part-time) 強制性保險條例及索償 (僱員補償) 基礎證書 (兼讀制),N/A,N/A,"Provider: The Hong Kong Federation of Trade Unions Occupational Retraining Centre, Hours: Yes"
Bay Area: Opportunity for Hong Kong Insurance Industry 大灣區：香港保險業的機遇 *,N/A,N/A,"Provider: The Hong Kong Federation of Trade Unions Occupational Retraining Centre, Hours: No"
Combating money laundering and anti-terrorist financing activities 打擊清洗黑錢及反恐佈分子融資活動,N/A,N/A,"Provider: The Hong Kong Federation of Trade Unions Occupational Retraining Centre, Hours: Yes"
Code of Conduct for Hong Kong Licensed Insurance Intermediaries 香港保險中介人操守守則,N/A,N/A,"Provider: The Hong Kong Federation of Trade Unions Occupational Retraining Centre, Hours: Yes"
Legal aspects of financial planning in Hong Kong: Know your client – best practice procedures in the financial service industry,N/A,N/A,"Provider: Utmost International Isle of Man Limited, Hours: No"
Essentials of Running a Financial Planning Practice *,N/A,N/A,"Provider: Utmost International Isle of Man Limited, Hours: No"
UK Inheritance Tax Planning through Use of Trusts,N/A,N/A,"Provider: Utmost International Isle of Man Limited, Hours: No"
Insurance Intermediaries Training Series - Financial Planning and Trust *,N/A,N/A,"Provider: Utmost International Isle of Man Limited, Hours: No"
Ethics and regulations *,N/A,N/A,"Provider: Utmost International Isle of Man Limited, Hours: No"
"2024 CPD Activities - eMPF Employers and Employees Platform, Assistant Portal and Ethnics of Intermediaries 2024年度持續專業進修核心活動 - 積金易成員及僱主平台、助理介面及強積金中介人操守 *",N/A,N/A,"Provider: The Life Underwriters Association of Hong Kong Limited, Hours: Yes"
"Continuing Professional Development Activities (CPD) 2025 - ""Looking at the current situation from an insurance perspective, asset taxation and personality analysis in various places"" 2025年度CPD持續專業培訓活動之｢保險角度看時局、各地的資產稅務及性格分析｣ *",N/A,N/A,"Provider: The Life Underwriters Association of Hong Kong Limited, Hours: Yes"
"Continuing Professional Training Activities (CPD) 2025 - ""Common irregularities and inappropriate behaviors among MPF intermediaries"" 2025年度CPD持續專業培訓活動之｢強積金中介人常見違規及不當行為｣ *",N/A,N/A,"Provider: The Life Underwriters Association of Hong Kong Limited, Hours: Yes"
"2025 ""Medical x Insurance"" Continuing Professional Development (CPD) Activity ""New opportunities for medical insurance and latest development of medical services"" 2025年度「醫療 x 保險」CPD持續專業培訓活動之「醫療保險新機遇及醫療服務新發展」 *",N/A,N/A,"Provider: The Life Underwriters Association of Hong Kong Limited, Hours: Yes"
ECF - Retail Wealth Management (RWM) - Essentials of Banking *,N/A,N/A,"Provider: The Hong Kong Institute of Bankers, Hours: Yes"
ECF – Retail Wealth Management (RWM) - Investment and Asset Management: Alternatives and Wealth Solutions *,N/A,N/A,"Provider: The Hong Kong Institute of Bankers, Hours: Yes"
ECF - Retail Wealth Management (RWM) - Investment and Asset Management: Product Solutions *,N/A,N/A,"Provider: The Hong Kong Institute of Bankers, Hours: Yes"
ECF – Retail Wealth Management (RWM) - Financial Planning and Wealth Management *,N/A,N/A,"Provider: The Hong Kong Institute of Bankers, Hours: Yes"
Wealth Management for High-Net Worth (HNW) Clients 高端客戶之財富管理 *,N/A,N/A,"Provider: Hong Kong Financial Services Professionals Association Limited, Hours: Yes"
Practices of Financial Planning 財務策劃實踐 *,N/A,N/A,"Provider: Hong Kong Financial Services Professionals Association Limited, Hours: Yes"
Comprehensive insurance and medical insurance planning 全方位保險及醫保策劃 *,N/A,N/A,"Provider: Hong Kong Financial Services Professionals Association Limited, Hours: Yes"
Enhancing Wealth Management Skills with Market Analysis 分析市場以加強財務策劃能力 *,N/A,N/A,"Provider: Hong Kong Financial Services Professionals Association Limited, Hours: Yes"
Long-Term Wealth Management for Client 為客戶長遠規劃財富 *,N/A,N/A,"Provider: Hong Kong Financial Services Professionals Association Limited, Hours: Yes"
Enhancing Soft Skills I 提升軟性技巧 I *,N/A,N/A,"Provider: Hong Kong Financial Services Professionals Association Limited, Hours: Yes"
Enhancing Soft Skills II 提升軟性技巧 II *,N/A,N/A,"Provider: Hong Kong Financial Services Professionals Association Limited, Hours: Yes"
Regulations and compliance for insurance industry 保險業相關法規及條例 *,N/A,N/A,"Provider: Hong Kong Financial Services Professionals Association Limited, Hours: Yes"
Regulations and compliance for insurance industry 保險業相關法規及條例 *,N/A,N/A,"Provider: Hong Kong Financial Services Professionals Association Limited, Hours: nan"
Overview of the long-term development of the financial market 金融市場長遠發展概述 *,N/A,N/A,"Provider: Hong Kong Financial Services Professionals Association Limited, Hours: Yes"
Physical and mental health and protection 身心健康與保障 *,N/A,N/A,"Provider: Hong Kong Financial Services Professionals Association Limited, Hours: Yes"
ESG and the financial market ESG與金融市場 *,N/A,N/A,"Provider: Hong Kong Financial Services Professionals Association Limited, Hours: Yes"
Improving the Overall Understanding of Wealth Management 提升財富管理的全面認知 *,N/A,N/A,"Provider: Hong Kong Financial Services Professionals Association Limited, Hours: nan"
Principles of Professional Selling *,N/A,N/A,"Provider: AXA China Region Insurance Company Limited, Hours: Yes"
Practices & Updates in Financial Planning I *,N/A,N/A,"Provider: Institute of Financial Planners of Hong Kong, Hours: Yes"
Practices & Updates in Financial Planning II *,N/A,N/A,"Provider: Institute of Financial Planners of Hong Kong, Hours: Yes"
Practices & Updates in Financial Planning III - Investment and Risk Management Series *,N/A,N/A,"Provider: Institute of Financial Planners of Hong Kong, Hours: Yes"
Practices & Updates in Financial Planning IV *,N/A,N/A,"Provider: Institute of Financial Planners of Hong Kong, Hours: Yes"
Practices and Updates in Financial Planning V *,N/A,N/A,"Provider: Institute of Financial Planners of Hong Kong, Hours: Yes"
Practices & Updates in Financial Planning VI *,N/A,N/A,"Provider: Institute of Financial Planners of Hong Kong, Hours: Yes"
Practices & Updates in Financial Planning VII *,N/A,N/A,"Provider: Institute of Financial Planners of Hong Kong, Hours: Yes"
Practices and Updates in Financial Planning IX *,N/A,N/A,"Provider: Institute of Financial Planners of Hong Kong, Hours: Yes"
Practices & Updates in Financial Planning X *,N/A,N/A,"Provider: Institute of Financial Planners of Hong Kong, Hours: Yes"
Practices & Updates in Financial Planning XI - eLearning Series *,N/A,N/A,"Provider: Institute of Financial Planners of Hong Kong, Hours: nan"
Practices & Updates in Financial Planning XII *,N/A,N/A,"Provider: Institute of Financial Planners of Hong Kong, Hours: nan"
Group Medical and Group Life Insurance,https://www.piba.org.hk/download/Memo_062_2025_Benny_20250909.pdf,https://docs.google.com/forms/d/e/1FAIpQLSecN56UmXrsgZTEV6sRY9zwk-g81wdjSOCpy-E0sJc0H7KNBA/viewform?usp=header,"Memo: MEMO/062/2025, Start Date: 2025-10-09, End Date: 2025-10-09, Facilitator: Mr. Benny Lee, Content: l Why we need life insurance? l Type of life insurance l Difference of a group life policy from individual life policy l Who needs life insurance most? l Introduction of group medical l New and renew business procedures and data require l Key Tasks – new and renew policy 3 IA CPD Hours and 3 MPFA CPD non-core Credits"
"ESG Workshop with Cases Study - Sustainability Governance, Risk Management & Physical Climate Risk Resilience",https://www.piba.org.hk/download/Memo_064_2025_20250922.pdf,https://docs.google.com/forms/d/e/1FAIpQLSdUw1vxV79BCBnp3VG1e3n1ITR8LgJORbfsbf6_gMUOHXWnEQ/viewform?usp=header,"Memo: MEMO/064/2025, Start Date: 2025-10-21, End Date: 2025-10-21, Facilitator: Mr. Steven Tse, Content: Sustainability Risk & Opportunities Sustainability Governance Risk Management Process Integration Risk and Opportunity Identification & Assessment Approaches to Physical Climate Risk Resilience Enhancing ESG Data Quality through internal controls Climate Scenario Analysis 3 IA CPD Hours & 3 MPFA CPD non-core Credits"
Property All Risks (PAR) Underwriting and Claims,https://www.piba.org.hk/download/MEMO_063_2025_20250910.pdf,https://docs.google.com/forms/d/e/1FAIpQLSdj0A0s6qaSLj2PvpFB2sTUzrAPnJ7pu__0A3qIEizSEvEPyg/viewform?usp=header,"Memo: Memo/063/2025, Start Date: 2025-10-10, End Date: 2025-10-10, Venue: VTC Tower, 27 Wood Road, Wanchai, Hong Kong (Please check the exact venue on 9/F of VTC Tower on the course day.), Facilitator: Ms. Tinna Kwok, Content: 1. Interesting Cases Sharing 2. Property All Risks Insurance Principles 3. Property All Risks Insurance Coverage, Exclusions, Common Extensions 4. Relevant Underwriting Principles & Claims Handling 5. How to assist the clients’ to choose the suitable coverage and insurers 3 IA CPD Hours and 3 MPFA CPD non-core Credits"
Insurance and Financial Regulatory Compliance – Highlight of the Latest Regulatory Requirements for Insurance Intermediaries,https://www.piba.org.hk/download/MEMO_061_2025_20250903.pdf,https://docs.google.com/forms/d/e/1FAIpQLSewN8FlU89xGqbXMtwB01x5FpA3oojk7P7OMrp-faTiBEvgMA/viewform?usp=header,"Memo: MEMO/061/2025, Start Date: 2025-10-02, End Date: 2025-10-02, Venue: VTC Tower, 27 Wood Road, Wan Chai, Hong Kong (Please check the exact venue on 9/F of VTC Tower on the course day.), Facilitator: Mr. Sunder Cheung, Content: 1. Highlight of key provisions of Insurance Ordinance relating to Insurance Intermediaries 2. Extract of Insurance Authority’s Codes and Guidelines 3.    Personal Data (Privacy) Ordinance and Relevant Guidelines 3 IA CPD Hours (Ethics or Regulations) and 3 MPFA CPD non-core Credits"
Continuing Professional Development (CPD) Course July 2025,https://www.hkcii.org/uploads/docs/cpd/HKCII_CPD_Jul2025_leaflet.pdf,https://docs.google.com/forms/d/1_jUKVXR3-6tNI--5VPjKJpDmPiZttStomiEL1QGOPRk/edit,"Continuing Professional Development (CPD) Course July 2025 For IA TR licensees to meet the CPD hour requirements of the 2024-25 assessment period, HKCII is offering the following CPD hours, with classes held at the VTC. Each individual must have earned 15 CPD hours (inclusive of minimum 3 hours in the category of “Ethics or Regulations”) within the assessment period. To enroll, please click on the enrolment link at the end of this email, and please refer to the attached CPD course leaflet for the course fees & payment details. VTC’s programme administration guidelines on class attendance (as attached) should also be observed. We do encourage you to join the HKCII membership to take full advantage of our member special offer above. Our Membership Application Form is attached for those interested in taking up our membership . Should you also be applying for our membership, please return the application form completed and let us have two separate payments in respect of the membership and CPD course enrolment fees. To enroll to our CPD classes, please click on this link below, fill in and submit the electronic form for our processing.  The VTC will send email confirmation and class info to all participants 3 days in advance of the classes. CPD Jul 2025 - Google Forms As the CPD class size is limited, enrolment will be on “first come first serve” basis.  We look forward to seeing you soon.  Thank you. ^ Top"
Continuing Professional Development (CPD) Course April 2025,https://www.hkcii.org/uploads/docs/cpd/HKCII_202504_CPD_leaflet.pdf,https://docs.google.com/forms/d/1w4iEupKcpy1Bwb0apwRQfIVYalMS10QyURxd5c3Fmok/edit,"Continuing Professional Development (CPD) Course April 2025 For IA TR licensees to meet the CPD hour requirements of the 2024-25 assessment period, HKCII is offering the following CPD hours, with classes held at the VTC. Each individual must have earned 15 CPD hours (inclusive of minimum 3 hours in the category of “Ethics or Regulations”) within the assessment period. To enroll, please click on the enrollment link at the end of this email, and please refer to the attached CPD course leaflet for the course fees & payment details. VTC’s programme administration guidelines on class attendance (as attached) should also be observed. We do encourage you to join the HKCII membership to take full advantage of our member special offer above. Our Membership Application Form is attached for those interested in taking up our membership. Should you be also applying for our membership, please return the application form completed and let us have two separate payments in respect of the membership and CPD course enrollment fees. To enroll to our CPD classes, please click on this link below, fill in and submit the electronic form for our processing. The VTC will send email confirmation and class info to all participants 3 days in advance of the classes. CPD Apr 2025 - Google Forms As the CPD class size is limited, enrollment will be on “first come first serve” basis. We look forward to seeing you soon. Thank you. ^ Top"
Continuing Professional Development (CPD) Course July 2024,https://www.hkcii.org/uploads/docs/cpd/HKCII_CPD_202407_leaflet.pdf,https://docs.google.com/forms/d/11XbJrnWl7NWqtq0MwMjV0JPoc4P4YrSzHvQnf2zH7LA/edit,"Continuing Professional Development (CPD) Course July 2024 Approaching the end of Q2 means it will also be the end of the 2023-24 CPD Assessment Period for us soon. HKCII is offering the following CPD hours (with classes held at the VTC) for meeting the IA CPD requirements. Each licensee/technical representative must have earned 15 CPD hours (inclusive of minimum 3 hours in the category of “Ethics or Regulations”) within the assessment period. To enroll, please complete & submit the enrollment form by clicking on the enrollment link at the end, and please refer to the attached CPD course leaflet for the course fees & payment details. VTC’s programme administration guidelines regarding class attendance is also attached for your reference. *Please note that each HKCII membership CPD coupon of HK$50 applies to one participant taking one course only. We do encourage you to join the HKCII membership to take full advantage of our member special offer above. Our Membership Application Form is attached for those interested in taking up our membership. Should you be also applying for our membership, please return the application form completed and let us have two separate payments in respect of the membership and CPD course enrollment fees. To enroll to our CPD classes, please click on this link below, fill in and submit the electronic form for our processing. The VTC will send email confirmation and class info to all participants 3 days in advance of the classes. CPD Class Enrollment Link: CPD Jul 2024 - Google Forms As the CPD class size is limited, enrollment will be on “first come first serve” basis. We look forward to seeing you soon. Thank you. ^ Top"
Continuing Professional Development (CPD) Course March 2024,https://www.hkcii.org/uploads/docs/cpd/HKCII_CPD_2024_03_CPD_leaflet.pdf,https://docs.google.com/forms/d/14-hnGNec7dBQcfOEWIW_La_WH404BAheHVRmA0sIoM0/edit,Continuing Professional Development (CPD) Course March 2024 HKCII - 2024年3月份持續專業發展課程 (CPD) (Google.com Registration) VTC’s programme administration guidelines on class attendance ^ Top
Continuing Professional Development (CPD) Course October 2023,https://www.hkcii.org/uploads/docs/cpd/HKCII_2023_11_CPD_ICAC_leaflet.jpeg,https://docs.google.com/forms/d/1CAaA6sZtRlRFjY6ghWE_LeLZQ1Wdg3xLOptjaUOPQMc/edit,"Continuing Professional Development (CPD) Course October 2023 HKCII/ICAC CPD - Oct 2023 - Google Forms We’re pleased to bring you yet another activity in the series commemorating the 30th anniversary of the HKCII, a CPD in collaboration with the ICAC called ""Integrity for Success” - Continuing Professional Development Course for Insurance Intermediaries with Managerial Roles. This 2-hour CPD is categorized “Ethics or Regulations” and is free of charge.  After the class, there would be a 30-minute tour arranged by the ICAC in their Exhibition Hall for all participants.  Details of the class are as follows: Date:  Wed, 11 Oct 2023 Time: 3:00 pm – Registration 3:30 pm – CPD for 2 hours 5:30 pm – Tour of ICAC Exhibition Hall 6:00 pm – End Language:  Cantonese Venue:  ICAC Headquarters Building, 303 Java Road, North Point, Hong Kong (There will be ICAC personnel assisting participants on G/F when registration begins.) To enroll, please click on the link here below and enter the necessary info by Tue, 3 Oct 2023. HKCII/ICAC CPD - Oct 2023 - Google Forms Please note that: Your personal data would only be used for the purpose of enrolling the interested parties into the subject CPD class by HKCII & ICAC.  The successfully enrolled members will receive a confirmation email from HKCII after the enrollment period is closed, with all details necessary to participate in the CPD class. Seats are limited.  Enrollment to the CPD is on first-come-first-serve basis according to the time of full & accurate enrollment data received, and will be closed early once the class is filled. HKCII’s decision on the enrollment is final. Should you have any queries to the above, thanks to email me at anton@hkcii.org. ^ Top"
Continuing Professional Development (CPD) Course September 2023,https://www.hkcii.org/uploads/docs/cpd/HKCII_CPD_203_09_leaflet.pdf,https://docs.google.com/forms/d/14g2-P8jxiq4WQXUic8URgmluVxqSQIM0GU-ee3ZHzNQ/edit,Continuing Professional Development (CPD) Course September 2023 HKCII - 2023年9月份持續專業發展課程 (CPD) (Google.com Registration) ^ Top
Continuing Professional Development (CPD) Course June 2023,https://www.hkcii.org/uploads/docs/cpd/HKCII_CPD_Jun2023_leaflet.pdf,https://docs.google.com/forms/d/1rOEi9KaE_daz_xA-ZfR67xRjWdL9V18vWlc1--jABWc/edit,Continuing Professional Development (CPD) Course June 2023 HKCII - 2023年6月份持續專業發展課程 (CPD) (Google.com Registration) ^ Top
Continuing Professional Development (CPD) Course November 2022,https://www.hkcii.org/uploads/docs/cpd/HKCII_CPD_Nov_leaflet.pdf,https://www.hkcii.org/index.php?page=continuing-professional-development-cpd-course-november-2022,Continuing Professional Development (CPD) Course November 2022 ^ Top
Continuing Professional Development (CPD) Course July 2022,https://www.hkcii.org/uploads/docs/cpd/HKCII_CPD_2022_07_leafletR1.pdf,https://www.hkcii.org/index.php?page=continuing-professional-development-cpd-course-July-2022,Continuing Professional Development (CPD) Course July 2022 ^ Top
Continuing Professional Development (CPD) Course Mar 2022,https://www.hkcii.org/uploads/docs/cpd/HKCII_CPD_2022_03_leaflet.pdf,https://www.hkcii.org/index.php?page=continuing-professional-development-cpd-course-mar-2022,Continuing Professional Development (CPD) Course Mar 2022 ^ Top
Continuing Professional Development (CPD) Course Feb 2022,https://www.hkcii.org/uploads/docs/cpd/HKCII_CPD_2022_02_leaflet.pdf,https://www.hkcii.org/index.php?page=continuing-professional-development-cpd-course-feb-2022,Continuing Professional Development (CPD) Course Feb 2022 ^ Top
Continuing Professional Development (CPD) Course Nov 2021,https://www.hkcii.org/uploads/docs/cpd/HKCII_CPD_2021_11_leaflet.pdf,https://www.hkcii.org/index.php?page=continuing-professional-development-cpd-course-nov-2021,Continuing Professional Development (CPD) Course Nov 2021 ^ Top
Continuing Professional Development (CPD) Course June 2021,https://www.hkcii.org/uploads/docs/cpd/HKCII_CPD_2021_2nd_term_leaflet_June.pdf,https://www.hkcii.org/index.php?page=continuing-professional-development-cpd-course-june-2021,Continuing Professional Development (CPD) Course June 2021 ^ Top
Continuing Professional Development (CPD) Course March 2021,https://www.hkcii.org/uploads/docs/cpd/HKCII_CPD_2021_1st_term_leaflet_March_R1.pdf,https://www.hkcii.org/index.php?page=continuing-professional-development-cpd-course-march-2021,Continuing Professional Development (CPD) Course March 2021 ^ Top
Continuing Professional Development (CPD) Second Term 2020 (2),https://www.hkcii.org/uploads/docs/cpd/HKCII_CPD_2nd_term_leaflet_OCT2020.pdf,https://www.hkcii.org/index.php?page=continuing-professional-development-cpd-second-term-2020-2,Continuing Professional Development (CPD) Second Term 2020 (2) ^ Top
Continuing Professional Development (CPD) Second Term 2020,https://www.hkcii.org/uploads/docs/cpd/2020-HKCII-CPD-2nd-term-leaflet_JulyAugust.pdf,https://www.hkcii.org/index.php?page=continuing-professional-development-cpd-second-term-2020,Continuing Professional Development (CPD) Second Term 2020 ^ Top
Continuing Professional Development (CPD) First Term 2020,https://www.hkcii.org/uploads/docs/cpd/2020-HKCII-CPD-1st-term-leaflet_June.pdf,https://www.hkcii.org/index.php?page=continuing-professional-development-cpd-course-1st-2020,Continuing Professional Development (CPD) First Term 2020 ^ Top
Continuing Professional Development (CPD) Course Nov 2019,https://www.hkcii.org/uploads/docs/cpd/HKCII_CPD_2019_2nd_term_leaflet.pdf,https://www.hkcii.org/index.php?page=copy-of-continuing-professional-development-cpd-course-june-2019,Continuing Professional Development (CPD) Course Nov 2019 ^ Top
Continuing Professional Development (CPD) Course June 2019,https://www.hkcii.org/uploads/docs/cpd/2019-HKCII-CPD-1st-term-leaflet_June.pdf,https://www.hkcii.org/index.php?page=continuing-professional-development-cpd-course-june-2019,Continuing Professional Development (CPD) Course June 2019 ^ Top
Continuing Professional Development (CPD) Course November 2018,https://www.hkcii.org/uploads/docs/cpd/2018 HKCII CPD leaflet_November.pdf,https://www.hkcii.org/index.php?page=continuing-professional-development-cpd-course-november-2018,Continuing Professional Development (CPD) Course November 2018 ^ Top
Continuing Professional Development (CPD) Course September 2018,https://www.hkcii.org/uploads/docs/cpd/HKCII_CPD_2018_09_Leaflet.pdf,https://www.hkcii.org/index.php?page=continuing-professional-development-cpd-course-sept-2018,Continuing Professional Development (CPD) Course September 2018 ^ Top
Continuing Professional Development (CPD) Course May 2018,https://www.hkcii.org/uploads/docs/cpd/HKCII_CPD_2018_05.pdf,https://www.hkcii.org/index.php?page=continuing-professional-development-cpd-course-may-2018,Continuing Professional Development (CPD) Course May 2018 ^ Top
Continuing Professional Development (CPD) Course December 2017,https://www.hkcii.org/uploads/docs/cpd/2017_HKCII_CPD_leaflet_Dec.pdf,https://www.hkcii.org/index.php?page=continuing-professional-development-cpd-course-december-2017,Continuing Professional Development (CPD) Course December 2017 ^ Top
Continuing Professional Development (CPD) Course May 2017,https://www.hkcii.org/uploads/docs/cpd/2017_HKCII_CPD_leaflet_May.pdf,https://www.hkcii.org/index.php?page=continuing-professional-development-cpd-course-may-2017,Continuing Professional Development (CPD) Course May 2017 ^ Top
Continuing Professional Development (CPD) Course 26 November 2016 & 3 December 2016,https://www.hkcii.org/uploads/docs/cpd/HKCII_CPD_2016_leaflet_N_app_form.pdf,https://www.hkcii.org/index.php?page=continuing-professional-development-cpd-course-26-november-2016-3-december-2016,Continuing Professional Development (CPD) Course 26 November 2016 & 3 December 2016 ^ Top
Self - Learning CASH Selling Video,https://cpduk.co.uk/courses/ehp-hong-kong-ltd-self-learning-cash-selling-video,https://cpduk.co.uk/courses/ehp-hong-kong-ltd-self-learning-cash-selling-video,Sales techniques developed through observation of highly successful people. Focused on identifying and uncovering customer needs in order to be able to position our products & services to match customer needs completely
Self-learning Courageous Conversations Videos,https://cpduk.co.uk/courses/ehp-hong-kong-ltd-self-learning-courageous-conversations-videos,https://cpduk.co.uk/courses/ehp-hong-kong-ltd-self-learning-courageous-conversations-videos,Courageous Conversations program developed from skills observed in other training sessions as well as interviews with managers/supervisors and HR Managers from Multinational Organizations. Focused on helping people develop confidence & skills to have those difficult conversations and provide constructive feedback to help people around them develop and grow.
Self-learning Coaching Skills Videos,https://cpduk.co.uk/courses/ehp-hong-kong-ltd-self-learning-coaching-skills-videos,https://cpduk.co.uk/courses/ehp-hong-kong-ltd-self-learning-coaching-skills-videos,Coaching skills developed through observation of highly successful coaches/trainers and past participants in a coaching capacity. Focused on supporting teams achieve their potential through working together effectively while enhancing their own personal skills for future growth.
Self-learning Influencing Without Authority Video,https://cpduk.co.uk/courses/ehp-hong-kong-ltd-self-learning-influencing-without-authority-video,https://cpduk.co.uk/courses/ehp-hong-kong-ltd-self-learning-influencing-without-authority-video,Influencing Without Authority was developed in response to clients who were looking for enhancing the communication skills of their people especially in the area of influencing. People do not always have authority of others and so the skills needed to convince people to their way of thinking became critical for Managers & Supervisors. In fact the program has been expanded to people having to convince others in all walks of life and not just in the business context.
